,chill_time,force,scenario,Estimate,Est.Error,Q2.5,Q97.5,Taxa,germination,fresh,germinated,seedbank
1,130.3918083,0,ambient,0.99980595,0.000171402,0.999331028,0.99997339,P.virginiatum,>80%,100,99.98059495,0.019405046
2,58.59100339,0,ambient,0.87745043,0.021958548,0.830317444,0.916041166,P.virginiatum,>80%,100.019405,87.76206997,12.25733508
3,112.6823953,0,ambient,0.999050795,0.000650191,0.997324311,0.999800184,P.virginiatum,>80%,112.2573351,112.1507799,0.106555198
4,45.01980925,0,ambient,0.663973949,0.030326666,0.603478038,0.722815213,P.virginiatum,50-80%,100.1065552,66.46814481,33.63841039
5,60.43099788,0,ambient,0.894911704,0.020408284,0.850798627,0.930401323,P.virginiatum,>80%,133.6384104,119.5945776,14.04383277
6,82.12080611,0,ambient,0.984718471,0.005901464,0.970663006,0.993480656,P.virginiatum,>80%,114.0438328,112.3010686,1.742764192
7,80.08236882,0,ambient,0.98160355,0.00676066,0.96561717,0.991824577,P.virginiatum,>80%,101.7427642,99.87105855,1.871705638
8,58.20153788,0,ambient,0.873444193,0.022280873,0.825783144,0.912522229,P.virginiatum,>80%,101.8717056,88.97924967,12.89245596
9,75.49914598,0,ambient,0.972123223,0.009084414,0.951152657,0.986365798,P.virginiatum,>80%,112.892456,109.7453782,3.147077791
10,81.15084649,0,ambient,0.983307584,0.006297686,0.968333762,0.992733886,P.virginiatum,>80%,103.1470778,101.4253039,1.721773934
11,70.81374714,0,ambient,0.957517128,0.012061047,0.930216549,0.977090971,P.virginiatum,>80%,101.7217739,97.40034081,4.32143312
12,68.39901637,0,ambient,0.947332468,0.013827411,0.916545157,0.970147008,P.virginiatum,>80%,104.3214331,98.82708075,5.49435237
13,78.48705473,0,ambient,0.978734071,0.007505817,0.961231415,0.990252395,P.virginiatum,>80%,105.4943524,103.2509169,2.243435442
14,65.84953521,0,ambient,0.934070741,0.015839367,0.899631494,0.960515696,P.virginiatum,>80%,102.2434354,95.50260148,6.740833967
15,88.69698869,0,ambient,0.991610676,0.003752253,0.982516904,0.996930831,P.virginiatum,>80%,106.740834,105.8453505,0.895483466
16,99.64929391,0,ambient,0.996908121,0.0017079,0.992588629,0.999113494,P.virginiatum,>80%,100.8954835,100.5835269,0.311956599
17,126.2465919,0,ambient,0.999719153,0.000234411,0.999073944,0.999957425,P.virginiatum,>80%,100.3119566,100.2837843,0.028172321
18,84.10138785,0,ambient,0.987241899,0.00515995,0.9748208,0.994824775,P.virginiatum,>80%,100.0281723,98.75200284,1.27616948
19,34.54108306,0,ambient,0.421103684,0.034843274,0.351784168,0.489142154,P.virginiatum,20-50%,101.2761695,42.64776803,58.62840145
20,29.24250443,0,ambient,0.305335486,0.035467872,0.236288337,0.376181255,P.virginiatum,20-50%,158.6284015,48.43488002,110.1935214
21,94.43962062,0,ambient,0.995031249,0.00249322,0.98891274,0.998400802,P.virginiatum,>80%,210.1935214,209.1491222,1.04439922
22,71.87156415,0,ambient,0.961354934,0.011335543,0.935657173,0.979617897,P.virginiatum,>80%,101.0443992,97.13953178,3.904867439
23,128.2545972,0,ambient,0.999765236,0.000201434,0.999207548,0.999966012,P.virginiatum,>80%,103.9048674,103.8804744,0.024393082
24,46.9364522,0,ambient,0.703421449,0.0294995,0.643447644,0.759368229,P.virginiatum,50-80%,100.0243931,70.35930348,29.6650896
25,95.98286158,0,ambient,0.9956831,0.002230315,0.990110458,0.998657977,P.virginiatum,>80%,129.6650896,129.1053384,0.559751181
26,71.16825975,0,ambient,0.958842636,0.011814511,0.932157231,0.977966191,P.virginiatum,>80%,100.5597512,96.4209769,4.13877428
27,2.164703777,0,ambient,0.03362287,0.012134171,0.01477078,0.062517357,P.virginiatum,<20%,104.1387743,3.501444456,100.6373298
28,54.02781881,0,ambient,0.823055365,0.025497355,0.770044028,0.869489375,P.virginiatum,>80%,200.6373298,165.1356308,35.50169902
29,17.53964862,0,ambient,0.127185932,0.027280716,0.077710767,0.186826078,P.virginiatum,<20%,135.501699,17.23390986,118.2677892
30,84.72562539,0,ambient,0.987947765,0.004944114,0.976064524,0.995175415,P.virginiatum,>80%,218.2677892,215.6371746,2.630614605
31,102.318829,0,ambient,0.997574246,0.001404018,0.993999792,0.999350294,P.virginiatum,>80%,102.6306146,102.381658,0.248956616
32,33.12549539,0,ambient,0.388642401,0.035253063,0.31967073,0.458213068,P.virginiatum,20-50%,100.2489566,38.96099516,61.28796145
33,56.09522904,0,ambient,0.849772571,0.02396777,0.799063138,0.892986439,P.virginiatum,>80%,161.2879615,137.0580856,24.22987582
34,80.35303412,0,ambient,0.982050852,0.006640696,0.966300153,0.992061664,P.virginiatum,>80%,124.2298758,122.0000554,2.229820454
35,103.8380364,0,ambient,0.997886766,0.001255235,0.994654225,0.999450934,P.virginiatum,>80%,102.2298205,102.013785,0.216035493
36,-2.347587722,0,ambient,0.022416623,0.0090752,0.008890048,0.044230468,P.virginiatum,<20%,100.2160355,2.246505038,97.96953045
37,89.3750623,0,ambient,0.992113988,0.003577414,0.983439685,0.997150348,P.virginiatum,>80%,197.9695305,196.4083403,1.56119017
38,45.02631734,0,ambient,0.664112328,0.030323921,0.603635438,0.722945278,P.virginiatum,50-80%,101.5611902,67.44803843,34.11315174
39,68.47655876,0,ambient,0.947693094,0.013768436,0.917004153,0.970402442,P.virginiatum,>80%,134.1131517,127.0981077,7.015044017
40,119.6448736,0,ambient,0.999492754,0.000385566,0.998445986,0.999909973,P.virginiatum,>80%,107.015044,106.960761,0.054283003
41,76.39493388,0,ambient,0.974292862,0.008585418,0.954431845,0.987672137,P.virginiatum,>80%,100.054283,97.48217374,2.57210926
42,58.61823268,0,ambient,0.877726352,0.021935918,0.830618839,0.91629156,P.virginiatum,>80%,102.5721093,90.03024323,12.54186603
43,87.99096761,0,ambient,0.991052452,0.003942679,0.981508006,0.99667146,P.virginiatum,>80%,112.541866,111.5348923,1.006973715
44,78.94235239,0,ambient,0.979595337,0.007286415,0.962606735,0.990725948,P.virginiatum,>80%,101.0069737,98.94596044,2.061013276
45,53.62384637,0,ambient,0.817413161,0.025778278,0.763830467,0.86448091,P.virginiatum,>80%,102.0610133,83.42601548,18.6349978
46,64.22751876,0,ambient,0.924060748,0.017180588,0.886964911,0.953018168,P.virginiatum,>80%,118.6349978,109.6259448,9.009052983
47,80.35255928,0,ambient,0.982050077,0.006640905,0.966298874,0.992061223,P.virginiatum,>80%,109.009053,107.0523488,1.956704153
48,35.57111119,0,ambient,0.445194255,0.034467051,0.37695227,0.511418395,P.virginiatum,20-50%,101.9567042,45.39053897,56.56616518
49,52.11438978,0,ambient,0.79507845,0.026770294,0.739831208,0.844654715,P.virginiatum,50-80%,156.5661652,124.4823839,32.08378124
50,103.7017234,0,ambient,0.997860463,0.001267932,0.994598526,0.999442675,P.virginiatum,>80%,132.0837812,131.801183,0.282598202
51,81.29929651,0,ambient,0.983531609,0.006235583,0.968702505,0.992853555,P.virginiatum,>80%,100.2825982,98.63110516,1.651493041
52,123.7009932,0,ambient,0.999647369,0.000284046,0.99887289,0.999943311,P.virginiatum,>80%,101.651493,101.6156476,0.035845428
53,83.18822283,0,ambient,0.98613455,0.005490878,0.972967596,0.994241131,P.virginiatum,>80%,100.0358454,98.64880338,1.387042051
54,113.4121959,0,ambient,0.999111269,0.000615629,0.997471063,0.999815811,P.virginiatum,>80%,101.3870421,101.2969362,0.090105852
55,143.6296536,0,ambient,0.999939936,6.30E-05,0.99976453,0.99999411,P.virginiatum,>80%,100.0901059,100.084094,0.006011808
56,99.18512906,0,ambient,0.996774779,0.001766856,0.992300573,0.999065943,P.virginiatum,>80%,100.0060118,99.68347036,0.322541443
57,86.27421127,0,ambient,0.989535302,0.004443409,0.978802998,0.995952128,P.virginiatum,>80%,100.3225414,99.2726963,1.04984514
58,155.8328708,0,ambient,0.999979405,2.51E-05,0.999909732,0.999998528,P.virginiatum,>80%,101.0498451,101.047764,0.002081107
59,64.34195722,0,ambient,0.924810978,0.017084762,0.88790864,0.953559221,P.virginiatum,>80%,100.0020811,92.48302242,7.519058689
60,71.10575844,0,ambient,0.958611883,0.011857729,0.931823688,0.977814673,P.virginiatum,>80%,107.5190587,103.0690473,4.450011374
61,58.63860085,0,ambient,0.877932393,0.021918982,0.830844011,0.916478417,P.virginiatum,>80%,104.4500114,91.70004847,12.74996291
62,77.23722054,0,ambient,0.976181156,0.008136476,0.957238696,0.988789894,P.virginiatum,>80%,112.7499629,110.0643891,2.685573812
63,58.56417196,0,ambient,0.87717801,0.021980836,0.830020036,0.915793765,P.virginiatum,>80%,102.6855738,90.07352726,12.61204655
64,48.83171096,0,ambient,0.739621072,0.028608372,0.681460251,0.793237062,P.virginiatum,50-80%,112.6120465,83.29024261,29.32180394
65,89.29963386,0,ambient,0.992059527,0.003596482,0.983339816,0.997125928,P.virginiatum,>80%,129.3218039,128.2949277,1.026876289
66,81.96663842,0,ambient,0.984502404,0.005962945,0.970310599,0.99336121,P.virginiatum,>80%,101.0268763,99.46120259,1.565673702
67,32.19547134,0,ambient,0.36783824,0.035437511,0.298194185,0.43804085,P.virginiatum,20-50%,101.5656737,37.35973871,64.20593499
68,13.3354429,0,ambient,0.089509933,0.022711809,0.050146609,0.140518783,P.virginiatum,<20%,164.205935,14.69806225,149.5078727
69,83.41726547,0,ambient,0.986420973,0.005406145,0.973466206,0.994395884,P.virginiatum,>80%,249.5078727,246.1197985,3.388074243
70,64.64497503,0,ambient,0.926764355,0.016831817,0.890337595,0.955001939,P.virginiatum,>80%,103.3880742,95.81638194,7.571692306
71,52.29313288,0,ambient,0.797827138,0.026657695,0.742799743,0.847029944,P.virginiatum,50-80%,107.5716923,85.82361544,21.74807686
72,104.5300667,0,ambient,0.998015369,0.001192659,0.994937903,0.999491012,P.virginiatum,>80%,121.7480769,121.5064519,0.241625008
73,68.06749455,0,ambient,0.945763754,0.014081137,0.914489432,0.969062539,P.virginiatum,>80%,100.241625,94.8048956,5.436729409
74,109.8472277,0,ambient,0.998773796,0.000803544,0.996659152,0.999724683,P.virginiatum,>80%,105.4367294,105.3074425,0.129286936
75,48.0091224,0,ambient,0.724271149,0.029007361,0.665532044,0.778767624,P.virginiatum,50-80%,100.1292869,72.52075372,27.60853322
76,122.4382973,0,ambient,0.999605158,0.000312415,0.998755743,0.999934532,P.virginiatum,>80%,127.6085332,127.558148,0.050385224
77,110.7752844,0,ambient,0.998872444,0.00074979,0.996898825,0.999752323,P.virginiatum,>80%,100.0503852,99.93757282,0.112812402
78,52.54123526,0,ambient,0.801595994,0.02649921,0.746936905,0.850407324,P.virginiatum,>80%,100.1128124,80.25002939,19.86278302
79,53.01458914,0,ambient,0.808637247,0.02618982,0.754713552,0.856746103,P.virginiatum,>80%,119.862783,96.92551087,22.93727215
80,80.23551182,0,ambient,0.981857973,0.006692558,0.96599448,0.991957376,P.virginiatum,>80%,122.9372721,120.7069408,2.230331327
81,67.01859667,0,ambient,0.940502576,0.014900107,0.907564918,0.96523652,P.virginiatum,>80%,102.2303313,96.14789001,6.082441321
82,68.59462918,0,ambient,0.94823768,0.013678911,0.917698635,0.970786295,P.virginiatum,>80%,106.0824413,100.5913681,5.491073255
83,94.35933042,0,ambient,0.994994751,0.002507676,0.988841171,0.998386231,P.virginiatum,>80%,105.4910733,104.9630642,0.52800905
84,92.40492447,0,ambient,0.994018399,0.002885072,0.986951117,0.997977467,P.virginiatum,>80%,100.528009,99.92669062,0.601318426
85,86.87768773,0,ambient,0.990095857,0.00426111,0.979797547,0.996219283,P.virginiatum,>80%,100.6013184,99.60494856,0.99636987
86,80.46779395,0,ambient,0.982237237,0.006590386,0.966607982,0.992167396,P.virginiatum,>80%,100.9963699,99.20239526,1.793974608
87,70.90245421,0,ambient,0.957852615,0.01199904,0.930717537,0.97731329,P.virginiatum,>80%,101.7939746,97.50362473,4.290349881
88,80.03705529,0,ambient,0.981527594,0.006780924,0.96550483,0.991784845,P.virginiatum,>80%,104.2903499,102.3638562,1.926493657
89,79.9596604,0,ambient,0.981397144,0.006815654,0.965312135,0.991716539,P.virginiatum,>80%,101.9264937,100.0303697,1.896123908
90,88.29296131,0,ambient,0.991295634,0.003860159,0.981947803,0.996786782,P.virginiatum,>80%,101.8961239,101.0091827,0.886941204
91,15.80858274,0,ambient,0.110238537,0.025413011,0.065160231,0.166530777,P.virginiatum,<20%,100.8869412,11.12162884,89.76531236
92,22.21766462,0,ambient,0.184480316,0.031825978,0.124453537,0.251259428,P.virginiatum,<20%,189.7653124,35.0079647,154.7573477
93,55.52964163,0,ambient,0.842816364,0.024400446,0.791619798,0.886536178,P.virginiatum,>80%,254.7573477,214.7136614,40.04368621
94,53.67660368,0,ambient,0.818157982,0.025741949,0.764605096,0.865149947,P.virginiatum,>80%,140.0436862,114.5778597,25.46582653
95,123.7453211,0,ambient,0.999648766,0.000283098,0.998876739,0.999943597,P.virginiatum,>80%,125.4658265,125.4217586,0.044067914
96,78.74752844,0,ambient,0.979231096,0.007379631,0.962020518,0.990520423,P.virginiatum,>80%,100.0440679,97.96626232,2.077805596
97,109.8725256,0,ambient,0.998776597,0.00080203,0.996666024,0.999725475,P.virginiatum,>80%,102.0778056,101.9529233,0.124882286
98,48.08113514,0,ambient,0.725637446,0.02897325,0.666854937,0.780121209,P.virginiatum,50-80%,100.1248823,72.65436389,27.47051839
99,72.85568242,0,ambient,0.964622278,0.010688295,0.940410625,0.98170296,P.virginiatum,>80%,127.4705184,122.9609018,4.509616599
100,104.7214682,0,ambient,0.998049526,0.001175896,0.995016232,0.999501855,P.virginiatum,>80%,104.5096166,104.3057734,0.203843241
101,75.82183358,1,warming,0.973896944,0.010707086,0.948590918,0.989320398,P.virginiatum,>80%,100,97.38969436,2.610305642
102,29.65971376,1,warming,0.093011358,0.021806107,0.054882538,0.139776527,P.virginiatum,<20%,102.6103056,9.543923913,93.06638173
103,72.14514885,1,warming,0.959278906,0.014551695,0.925888242,0.981327853,P.virginiatum,>80%,193.0663817,185.2045075,7.86187423
104,29.49402187,1,warming,0.091250742,0.021587728,0.053531182,0.137571077,P.virginiatum,<20%,107.8618742,9.84247603,98.0193982
105,44.86620461,1,warming,0.419431565,0.034717273,0.351561998,0.487043703,P.virginiatum,20-50%,198.0193982,83.05558617,114.963812
106,36.88050406,1,warming,0.205035163,0.030394553,0.148695047,0.267091716,P.virginiatum,20-50%,214.963812,44.07514018,170.8886718
107,29.46297296,1,warming,0.09092422,0.021546824,0.053295267,0.137161068,P.virginiatum,<20%,270.8886718,24.63034129,246.2583306
108,106.9820134,1,warming,0.999408209,0.000546108,0.998014701,0.999921289,P.virginiatum,>80%,346.2583306,346.053418,0.20491255
109,46.71504249,1,warming,0.478553075,0.035355727,0.409818469,0.54680409,P.virginiatum,20-50%,100.2049126,47.953369,52.25154355
110,55.65372615,1,warming,0.744163388,0.035739439,0.670777848,0.809951904,P.virginiatum,50-80%,152.2515436,113.3000244,38.95151914
111,38.09507337,1,warming,0.231645203,0.031426418,0.172315788,0.294900456,P.virginiatum,20-50%,138.9515191,32.18745284,106.7640663
112,82.33958373,1,warming,0.988215924,0.005967056,0.973707607,0.99617649,P.virginiatum,>80%,206.7640663,204.3275429,2.436523391
113,56.30406679,1,warming,0.759728715,0.035303873,0.686694083,0.824221732,P.virginiatum,50-80%,102.4365234,77.82396825,24.61255514
114,25.79199891,1,warming,0.059106808,0.01685613,0.030942722,0.095952237,P.virginiatum,<20%,124.6125551,7.365450382,117.2471048
115,45.11776571,1,warming,0.427378122,0.03480253,0.359696717,0.4952227,P.virginiatum,20-50%,217.2471048,92.84665968,124.4004451
116,26.73104891,1,warming,0.066066645,0.018015828,0.035570564,0.105234656,P.virginiatum,<20%,224.4004451,14.82538464,209.5750604
117,49.82307321,1,warming,0.578406783,0.03639218,0.504678464,0.649454497,P.virginiatum,50-80%,309.5750604,179.0603147,130.5147458
118,26.63176715,1,warming,0.065295794,0.017891545,0.035037951,0.104220016,P.virginiatum,<20%,230.5147458,15.05164346,215.4631023
119,50.55799332,1,warming,0.601378314,0.036569656,0.526749805,0.672826122,P.virginiatum,50-80%,315.4631023,189.7126685,125.7504338
120,32.02703656,1,warming,0.12173445,0.024904023,0.076956996,0.174510727,P.virginiatum,<20%,225.7504338,27.48160501,198.2688288
121,50.3753637,1,warming,0.595708424,0.03652999,0.521327748,0.667145867,P.virginiatum,50-80%,298.2688288,177.681254,120.5875749
122,15.18130764,1,warming,0.016319072,0.007041767,0.006080209,0.032772688,P.virginiatum,<20%,220.5875749,3.599784426,216.9877904
123,28.28073443,1,warming,0.079259989,0.019997795,0.044829959,0.122579324,P.virginiatum,<20%,316.9877904,25.12444884,291.8633416
124,2.213581555,1,warming,0.003328135,0.002077614,0.000811223,0.008337423,P.virginiatum,<20%,391.8633416,1.304173915,390.5591677
125,19.82371249,1,warming,0.028785588,0.010547319,0.012464879,0.053036378,P.virginiatum,<20%,490.5591677,14.12103394,476.4381337
126,29.58383859,1,warming,0.092201315,0.021706088,0.05425088,0.138762934,P.virginiatum,<20%,576.4381337,53.14835422,523.2897795
127,58.18711381,1,warming,0.800978814,0.033627756,0.730864695,0.860308947,P.virginiatum,>80%,623.2897795,499.2419083,124.0478712
128,63.46906117,1,warming,0.887489245,0.026640802,0.829303355,0.932062439,P.virginiatum,>80%,224.0478712,198.8400759,25.20779525
129,17.02696948,1,warming,0.020458771,0.008294493,0.008088283,0.039853059,P.virginiatum,<20%,125.2077952,2.561597615,122.6461976
130,81.5268825,1,warming,0.986984648,0.006431776,0.971364717,0.995652827,P.virginiatum,>80%,222.6461976,219.748379,2.897818593
131,75.08999809,1,warming,0.971471266,0.011399938,0.944695189,0.988035763,P.virginiatum,>80%,102.8978186,99.96227411,2.935544486
132,55.55229467,1,warming,0.741675592,0.035800353,0.668229969,0.807692048,P.virginiatum,50-80%,102.9355445,76.3447809,26.59076359
133,25.29192208,1,warming,0.055689917,0.016254164,0.028771244,0.091347675,P.virginiatum,<20%,126.5907636,7.049829096,119.5409345
134,71.58013019,1,warming,0.956419158,0.015223277,0.921637705,0.979633195,P.virginiatum,>80%,219.5409345,209.9731556,9.567778855
135,17.94507275,1,warming,0.022889666,0.008985373,0.009336211,0.043865994,P.virginiatum,<20%,109.5677789,2.507969812,107.059809
136,41.69407728,1,warming,0.324055038,0.03355703,0.259347287,0.390434835,P.virginiatum,20-50%,207.059809,67.09877434,139.9610347
137,32.38583811,1,warming,0.126711901,0.025362233,0.080935435,0.180051002,P.virginiatum,<20%,239.9610347,30.40591897,209.5551157
138,49.05240408,1,warming,0.553936584,0.036164021,0.481657787,0.624418379,P.virginiatum,50-80%,309.5551157,171.4739034,138.0812123
139,71.61400843,1,warming,0.956595962,0.015182412,0.92190368,0.979743487,P.virginiatum,>80%,238.0812123,227.7475265,10.33368589
140,3.114092737,1,warming,0.003715438,0.002267221,0.000932386,0.009168131,P.virginiatum,<20%,110.3336859,0.409937999,109.9237479
141,36.63986867,1,warming,0.200045941,0.030170782,0.143884429,0.262105918,P.virginiatum,20-50%,209.9237479,41.99439368,167.9293542
142,115.3288128,1,warming,0.99978123,0.00023943,0.99917906,0.999978587,P.virginiatum,>80%,267.9293542,267.8707393,0.058614898
143,47.59938525,1,warming,0.507151557,0.035669372,0.436881219,0.576322369,P.virginiatum,50-80%,100.0586149,50.74488237,49.31373253
144,60.84168308,1,warming,0.849579026,0.030412015,0.784328625,0.901612641,P.virginiatum,>80%,149.3137325,126.8538154,22.45991715
145,21.31023344,1,warming,0.034485343,0.01192889,0.01569521,0.061400397,P.virginiatum,<20%,122.4599171,4.223072221,118.2368449
146,35.32220496,1,warming,0.174369181,0.028839877,0.12115812,0.233639928,P.virginiatum,<20%,218.2368449,38.05377993,180.183065
147,47.21872783,1,warming,0.494836884,0.035534322,0.425234618,0.563743872,P.virginiatum,20-50%,280.183065,138.6449149,141.5381501
148,82.73097855,1,warming,0.98876672,0.005754405,0.974775906,0.99640566,P.virginiatum,>80%,241.5381501,238.8248843,2.713265782
149,77.58978095,1,warming,0.97895027,0.00917619,0.956970302,0.991934747,P.virginiatum,>80%,102.7132658,100.5511793,2.162086523
150,32.84031336,1,warming,0.133269315,0.025934945,0.086139576,0.187834754,P.virginiatum,<20%,102.1620865,13.61507131,88.54701521
151,60.73248528,1,warming,0.847792416,0.030559232,0.782429251,0.900114998,P.virginiatum,>80%,188.5470152,159.8487295,28.69828566
152,17.34603689,1,warming,0.02127317,0.008529341,0.008483816,0.041163896,P.virginiatum,<20%,128.6982857,2.737820481,125.9604652
153,41.22697392,1,warming,0.310988526,0.033347999,0.247111884,0.377205049,P.virginiatum,20-50%,225.9604652,70.27111211,155.6893531
154,29.82885893,1,warming,0.0948405,0.022029146,0.056270696,0.14211258,P.virginiatum,<20%,255.6893531,24.2497061,231.439647
155,84.55868335,1,warming,0.991017006,0.004850991,0.979082549,0.997307719,P.virginiatum,>80%,331.439647,328.4623267,2.977320253
156,38.6067188,1,warming,0.243566747,0.031811349,0.183390116,0.30794938,P.virginiatum,20-50%,102.9773203,25.08185095,77.8954693
157,67.25430844,1,warming,0.927190539,0.021007161,0.88063268,0.96105045,P.virginiatum,>80%,177.8954693,164.942996,12.95247327
158,47.10679761,1,warming,0.491216178,0.03549457,0.421719183,0.560193078,P.virginiatum,20-50%,112.9524733,55.48408222,57.46839106
159,54.9938238,1,warming,0.72769176,0.036101363,0.653865089,0.794764743,P.virginiatum,50-80%,157.4683911,114.5884506,42.87994049
160,77.86111269,1,warming,0.979635072,0.008958553,0.958184573,0.992276569,P.virginiatum,>80%,142.8799405,139.9702008,2.909739673
161,78.11196352,1,warming,0.98024855,0.008761316,0.959331816,0.99256583,P.virginiatum,>80%,102.9097397,100.8771231,2.032616569
162,30.29620233,1,warming,0.100065146,0.022645393,0.060285497,0.148653413,P.virginiatum,<20%,102.0326166,10.20990866,91.82270791
163,10.67785477,1,warming,0.009390291,0.004661173,0.003027716,0.020440762,P.virginiatum,<20%,191.8227079,1.801271095,190.0214368
164,61.97713331,1,warming,0.867131255,0.028827665,0.804456052,0.915899339,P.virginiatum,>80%,290.0214368,251.4866525,38.53478435
165,74.2222426,1,warming,0.968307506,0.012267723,0.93981398,0.986329516,P.virginiatum,>80%,138.5347843,134.1442716,4.390512759
166,-3.492081412,1,warming,0.001660402,0.001189065,0.000331931,0.004534822,P.virginiatum,<20%,104.3905128,0.173330177,104.2171826
167,55.88046512,1,warming,0.749666153,0.035596384,0.67649712,0.814962786,P.virginiatum,50-80%,204.2171826,153.0947097,51.12247289
168,25.63225316,1,warming,0.057994222,0.016662589,0.030231392,0.094478517,P.virginiatum,<20%,151.1224729,8.764230265,142.3582426
169,58.61766145,1,warming,0.809610526,0.033165923,0.740478686,0.867681882,P.virginiatum,>80%,242.3582426,196.2157844,46.14245823
170,62.63202203,1,warming,0.876432446,0.027878564,0.815372462,0.923245974,P.virginiatum,>80%,146.1424582,128.0839921,18.05846611
171,76.8368121,1,warming,0.976928385,0.009803966,0.953570955,0.990905152,P.virginiatum,>80%,118.0584661,115.3346667,2.723799425
172,25.34011902,1,warming,0.056010868,0.016311674,0.028973729,0.091753283,P.virginiatum,<20%,102.7237994,5.753649172,96.97015025
173,12.8847488,1,warming,0.012312226,0.005717268,0.004252979,0.025819958,P.virginiatum,<20%,196.9701503,2.425141041,194.5450092
174,63.55739481,1,warming,0.888603497,0.026509046,0.830741021,0.932912307,P.virginiatum,>80%,294.5450092,261.7337253,32.81128394
175,54.78994195,1,warming,0.722467395,0.036196704,0.648445598,0.789720145,P.virginiatum,50-80%,132.8112839,95.95182236,36.85946158
176,31.25039268,1,warming,0.111543708,0.023898032,0.069030508,0.162589306,P.virginiatum,<20%,136.8594616,15.26581184,121.5936497
177,50.99070652,1,warming,0.614698282,0.036650112,0.54061166,0.685743209,P.virginiatum,50-80%,221.5936497,136.2132359,85.38041387
178,70.02859026,1,warming,0.947535774,0.01717404,0.908536941,0.974262749,P.virginiatum,>80%,185.3804139,175.6545739,9.725840014
179,32.99987921,1,warming,0.135639916,0.026133702,0.088006296,0.190638131,P.virginiatum,<20%,109.72584,14.88320369,94.84263632
180,51.57550417,1,warming,0.6324188,0.036724582,0.557643776,0.702990182,P.virginiatum,50-80%,194.8426363,123.2221463,71.62049002
181,30.25432126,1,warming,0.099586548,0.022590194,0.059904924,0.148038568,P.virginiatum,<20%,171.62049,17.09109219,154.5293978
182,57.50541494,1,warming,0.786704313,0.034302031,0.715578005,0.848155894,P.virginiatum,50-80%,254.5293978,200.2393751,54.29002275
183,2.828511679,1,warming,0.003587933,0.002205348,0.000891092,0.008898487,P.virginiatum,<20%,154.2900227,0.553582271,153.7364405
184,42.78452155,1,warming,0.355643235,0.033992643,0.290406117,0.422463216,P.virginiatum,20-50%,253.7364405,90.23964845,163.496792
185,69.14265599,1,warming,0.941711498,0.018354067,0.900209946,0.970605508,P.virginiatum,>80%,263.496792,248.1379587,15.35883334
186,61.14042249,1,warming,0.854377141,0.030004218,0.78989298,0.905518265,P.virginiatum,>80%,115.3588333,98.55995019,16.79888314
187,-23.49278456,1,warming,0.000150381,0.0001642,1.41E-05,0.000539102,P.virginiatum,<20%,116.7988831,0.017564292,116.7813188
188,73.71715005,1,warming,0.966310557,0.012796215,0.936677329,0.985265689,P.virginiatum,>80%,216.7813188,209.478077,7.303241835
189,33.52018065,1,warming,0.14362167,0.026772214,0.094480443,0.199867225,P.virginiatum,<20%,107.3032418,15.41107074,91.8921711
190,11.62459394,1,warming,0.010547642,0.005090143,0.003498319,0.022648002,P.virginiatum,<20%,191.8921711,2.024009971,189.8681611
191,34.11043197,1,warming,0.153153623,0.027476329,0.102695247,0.210555477,P.virginiatum,<20%,289.8681611,44.39435919,245.4738019
192,16.58717838,1,warming,0.019386585,0.007979801,0.007560097,0.038088784,P.virginiatum,<20%,345.4738019,6.697557237,338.7762447
193,53.1236204,1,warming,0.677489654,0.036688742,0.603146016,0.746993549,P.virginiatum,50-80%,438.7762447,297.2663662,141.5098785
194,95.43010737,1,warming,0.997614494,0.001703663,0.993319605,0.99951657,P.virginiatum,>80%,241.5098785,240.9337553,0.576123212
195,53.9028157,1,warming,0.699014352,0.03652141,0.624554945,0.767740566,P.virginiatum,50-80%,100.5761232,70.30415355,30.27196966
196,90.09564766,1,warming,0.995433231,0.002861355,0.988279915,0.998875397,P.virginiatum,>80%,130.2719697,129.6770477,0.594921961
197,15.8868306,1,warming,0.017792977,0.007499799,0.006782756,0.035295408,P.virginiatum,<20%,100.594922,1.789883093,98.80503887
198,29.83493256,1,warming,0.094906784,0.022037156,0.056319155,0.142189958,P.virginiatum,<20%,198.8050389,18.86794689,179.937092
199,24.84503783,1,warming,0.052796379,0.015726266,0.026958067,0.087337963,P.virginiatum,<20%,279.937092,14.77966467,265.1574273
200,28.35786023,1,warming,0.079976701,0.020098138,0.045372352,0.12344224,P.virginiatum,<20%,365.1574273,29.20408654,335.9533408
201,130.3918083,0,ambient,0.999991882,1.36E-05,0.999965067,0.999999515,C.canadensis,>80%,100,99.99918815,0.000811847
202,58.59100339,0,ambient,0.97809608,0.00700254,0.962219738,0.989469085,C.canadensis,>80%,100.0008118,97.8104021,2.190409749
203,112.6823953,0,ambient,0.999945775,6.18E-05,0.999804156,0.999994366,C.canadensis,>80%,102.1904097,102.1848684,0.005541319
204,45.01980925,0,ambient,0.903615865,0.017829628,0.866469249,0.936155255,C.canadensis,>80%,100.0055413,90.36659374,9.638947578
205,60.43099788,0,ambient,0.982172568,0.006051435,0.968328647,0.991819189,C.canadensis,>80%,109.6389476,107.6843667,1.954580895
206,82.12080611,0,ambient,0.998435217,0.00093778,0.996128798,0.999597947,C.canadensis,>80%,101.9545809,101.7950441,0.159536802
207,80.08236882,0,ambient,0.998035168,0.001124268,0.995288677,0.999464427,C.canadensis,>80%,100.1595368,99.9627401,0.196796701
208,58.20153788,0,ambient,0.97712182,0.007219235,0.960739852,0.988891024,C.canadensis,>80%,100.1967967,97.90447639,2.292320312
209,75.49914598,0,ambient,0.996717874,0.001685915,0.992654626,0.998988154,C.canadensis,>80%,102.2923203,101.9565841,0.335736249
210,81.15084649,0,ambient,0.998256262,0.001022381,0.995749386,0.999539434,C.canadensis,>80%,100.3357362,100.160777,0.174959233
211,70.81374714,0,ambient,0.99444664,0.002536935,0.988460829,0.998051951,C.canadensis,>80%,100.1749592,99.61865159,0.556307647
212,68.39901637,0,ambient,0.992715217,0.003121951,0.985412131,0.99728296,C.canadensis,>80%,100.5563076,99.8237768,0.732530844
213,78.48705473,0,ambient,0.997651401,0.001295159,0.994504583,0.999331405,C.canadensis,>80%,100.7325308,100.4959505,0.236580313
214,65.84953521,0,ambient,0.990297466,0.003875014,0.981312711,0.996118105,C.canadensis,>80%,100.2365803,99.26403147,0.97254884
215,88.69698869,0,ambient,0.999247311,0.000520951,0.997958828,0.999838682,C.canadensis,>80%,100.9725488,100.8965479,0.076000962
216,99.64929391,0,ambient,0.999775341,0.000195511,0.999303387,0.999965201,C.canadensis,>80%,100.076001,100.053518,0.022482941
217,126.2465919,0,ambient,0.999987382,1.92E-05,0.999947789,0.999999144,C.canadensis,>80%,100.0224829,100.0212208,0.00126211
218,84.10138785,0,ambient,0.998745294,0.000785886,0.996802048,0.999694214,C.canadensis,>80%,100.0012621,99.87578991,0.125472198
219,34.54108306,0,ambient,0.734840672,0.028695863,0.677188843,0.788867564,C.canadensis,50-80%,100.1254722,73.57626923,26.54920296
220,29.24250443,0,ambient,0.598714617,0.034537897,0.530483189,0.663880283,C.canadensis,50-80%,126.549203,75.76685759,50.78234538
221,94.43962062,0,ambient,0.999601342,0.000311451,0.998837626,0.999927268,C.canadensis,>80%,150.7823454,150.7222348,0.060110619
222,71.87156415,0,ambient,0.995068836,0.002314799,0.989592889,0.99832589,C.canadensis,>80%,100.0601106,99.56669779,0.493412826
223,128.2545972,0,ambient,0.999989812,1.62E-05,0.999957024,0.99999935,C.canadensis,>80%,100.4934128,100.492389,0.00102386
224,46.9364522,0,ambient,0.921270719,0.015939836,0.887692161,0.949862538,C.canadensis,>80%,100.0010239,92.12801513,7.873008731
225,95.98286158,0,ambient,0.999663733,0.000271277,0.999000106,0.99994156,C.canadensis,>80%,107.8730087,107.8367346,0.0362741
226,71.16825975,0,ambient,0.994663474,0.002460323,0.988844926,0.998148443,C.canadensis,>80%,100.0362741,99.50242797,0.533846135
227,2.164703777,0,ambient,0.061318017,0.019590559,0.03046617,0.10506464,C.canadensis,<20%,100.5338461,6.164536119,94.36931002
228,54.02781881,0,ambient,0.963608955,0.009899339,0.941976533,0.980261051,C.canadensis,>80%,194.36931,187.2960076,7.073302388
229,17.53964862,0,ambient,0.276244436,0.040139341,0.20243774,0.358691989,C.canadensis,20-50%,107.0733024,29.57840404,77.49489834
230,84.72562539,0,ambient,0.998829571,0.000743256,0.996988735,0.99971939,C.canadensis,>80%,177.4948983,177.2871532,0.207745187
231,102.318829,0,ambient,0.999832353,0.000154139,0.999464393,0.999976036,C.canadensis,>80%,100.2077452,100.1909457,0.016799483
232,33.12549539,0,ambient,0.701401489,0.030215681,0.641912412,0.75800397,C.canadensis,50-80%,100.0167995,70.1519321,29.86486738
233,56.09522904,0,ambient,0.971066707,0.008488559,0.952248947,0.985132434,C.canadensis,>80%,129.8648674,126.1074491,3.757418322
234,80.35303412,0,ambient,0.998093712,0.001097553,0.995412095,0.99948429,C.canadensis,>80%,103.7574183,103.5596268,0.197791482
235,103.8380364,0,ambient,0.999858028,0.000134678,0.99953758,0.999980619,C.canadensis,>80%,100.1977915,100.1835662,0.014225261
236,-2.347587722,0,ambient,0.037642975,0.014080989,0.016417996,0.069556328,C.canadensis,<20%,100.0142253,3.764832981,96.24939228
237,89.3750623,0,ambient,0.999301852,0.00049025,0.998092025,0.999853069,C.canadensis,>80%,196.2493923,196.1123811,0.137011167
238,45.02631734,0,ambient,0.903681463,0.017823089,0.866549701,0.936205781,C.canadensis,>80%,100.1370112,90.49196073,9.645050436
239,68.47655876,0,ambient,0.99277844,0.003101341,0.985520534,0.997311527,C.canadensis,>80%,109.6450504,108.8532421,0.791808295
240,119.6448736,0,ambient,0.999974416,3.38E-05,0.999900194,0.999997867,C.canadensis,>80%,100.7918083,100.7892297,0.00257862
241,76.39493388,0,ambient,0.997031406,0.001558099,0.993266076,0.999109915,C.canadensis,>80%,100.0025786,99.70571153,0.296867087
242,58.61823268,0,ambient,0.978162645,0.006987596,0.96232119,0.989506469,C.canadensis,>80%,100.2968671,98.10664877,2.190218312
243,87.99096761,0,ambient,0.999185949,0.000554955,0.997808972,0.999822077,C.canadensis,>80%,102.1902183,102.1070302,0.083188071
244,78.94235239,0,ambient,0.99776804,0.001243953,0.994741359,0.99937202,C.canadensis,>80%,100.0831881,99.85980644,0.223381628
245,53.62384637,0,ambient,0.961947427,0.010194382,0.939705133,0.979144823,C.canadensis,>80%,100.2233816,96.40962411,3.813757518
246,64.22751876,0,ambient,0.988357365,0.004437643,0.978053506,0.995158301,C.canadensis,>80%,103.8137575,102.6050919,1.208665667
247,80.35255928,0,ambient,0.998093611,0.0010976,0.995411878,0.999484256,C.canadensis,>80%,101.2086657,101.0157226,0.192943064
248,35.57111119,0,ambient,0.757598289,0.027608196,0.701986759,0.808829106,C.canadensis,50-80%,100.1929431,75.90600219,24.28694088
249,52.11438978,0,ambient,0.955065064,0.011352532,0.930412112,0.974414031,C.canadensis,>80%,124.2869409,118.7021151,5.58482573
250,103.7017234,0,ambient,0.999855896,0.000136317,0.999531444,0.999980247,C.canadensis,>80%,105.5848257,105.5696106,0.015215161
251,81.29929651,0,ambient,0.998284931,0.001008963,0.995809705,0.999549029,C.canadensis,>80%,100.0152152,99.84368219,0.17153297
252,123.7009932,0,ambient,0.999983439,2.39E-05,0.999932985,0.999998787,C.canadensis,>80%,100.171533,100.169874,0.001658933
253,83.18822283,0,ambient,0.998610867,0.000852636,0.996502272,0.999653039,C.canadensis,>80%,100.0016589,99.86274331,0.138915625
254,113.4121959,0,ambient,0.999949894,5.80E-05,0.999817625,0.999994907,C.canadensis,>80%,100.1389156,100.1338981,0.005017548
255,143.6296536,0,ambient,0.999997984,4.57E-06,0.999990333,0.999999924,C.canadensis,>80%,100.0050175,100.004816,0.000201568
256,99.18512906,0,ambient,0.999763592,0.000203776,0.999270183,0.999962869,C.canadensis,>80%,100.0002016,99.97656069,0.023640882
257,86.27421127,0,ambient,0.999014849,0.00064714,0.997409734,0.99977342,C.canadensis,>80%,100.0236409,99.92510244,0.09853844
258,155.8328708,0,ambient,0.99999943,1.73E-06,0.999997033,0.999999986,C.canadensis,>80%,100.0985384,100.0984814,5.70769E-05
259,64.34195722,0,ambient,0.988506107,0.004395636,0.978294273,0.995233155,C.canadensis,>80%,100.0000571,98.8506671,1.14938998
260,71.10575844,0,ambient,0.994625872,0.002473669,0.988778352,0.998131785,C.canadensis,>80%,101.14939,100.6058002,0.543589752
261,58.63860085,0,ambient,0.978212306,0.006976434,0.962396907,0.989534348,C.canadensis,>80%,100.5435898,98.3529768,2.190612949
262,77.23722054,0,ambient,0.9972987,0.001446524,0.993803901,0.999206807,C.canadensis,>80%,102.1906129,101.9145655,0.276047484
263,58.56417196,0,ambient,0.978030293,0.007017293,0.962119511,0.989432117,C.canadensis,>80%,100.2760475,98.07301208,2.203035402
264,48.83171096,0,ambient,0.935748282,0.014160382,0.905467381,0.960707823,C.canadensis,>80%,102.2030354,95.63631481,6.566720592
265,89.29963386,0,ambient,0.999295987,0.000493574,0.998078145,0.999851538,C.canadensis,>80%,106.5667206,106.4916962,0.075024347
266,81.96663842,0,ambient,0.998408061,0.000950751,0.996070818,0.999589292,C.canadensis,>80%,100.0750243,99.91571104,0.159313304
267,32.19547134,0,ambient,0.678154364,0.031233253,0.616325768,0.737390788,C.canadensis,50-80%,100.1593133,67.92347542,32.23583788
268,13.3354429,0,ambient,0.190168833,0.036090296,0.125367793,0.267073246,C.canadensis,<20%,132.2358379,25.14713493,107.0887029
269,83.41726547,0,ambient,0.99864589,0.000835385,0.996579618,0.999663837,C.canadensis,>80%,207.0887029,206.8082821,0.28042087
270,64.64497503,0,ambient,0.98889087,0.004286142,0.97892961,0.995425841,C.canadensis,>80%,100.2804209,99.16639269,1.114028182
271,52.29313288,0,ambient,0.955938761,0.011210843,0.931629105,0.975029057,C.canadensis,>80%,101.1140282,96.65881883,4.455209354
272,104.5300667,0,ambient,0.99986837,0.000126659,0.999567518,0.999982399,C.canadensis,>80%,104.4552094,104.4414599,0.013749428
273,68.06749455,0,ambient,0.992438609,0.003211519,0.98494631,0.99715737,C.canadensis,>80%,100.0137494,99.25750641,0.756243019
274,109.8472277,0,ambient,0.999926249,7.92E-05,0.999741705,0.999991632,C.canadensis,>80%,100.756243,100.7488121,0.007430878
275,48.0091224,0,ambient,0.929800124,0.014920169,0.898239419,0.956522387,C.canadensis,>80%,100.0074309,92.9869216,7.020509281
276,122.4382973,0,ambient,0.999981042,2.66E-05,0.99992409,0.999998558,C.canadensis,>80%,107.0205093,107.0184804,0.002028877
277,110.7752844,0,ambient,0.999933319,7.30E-05,0.999764078,0.999992649,C.canadensis,>80%,100.0020289,99.99536064,0.006668237
278,52.54123526,0,ambient,0.957124425,0.011016181,0.93326547,0.975858443,C.canadensis,>80%,100.0066682,95.71882487,4.287843367
279,53.01458914,0,ambient,0.959301775,0.010651311,0.936079199,0.977353138,C.canadensis,>80%,104.2878434,100.0435133,4.244330114
280,80.23551182,0,ambient,0.998068511,0.001109076,0.995357941,0.999475758,C.canadensis,>80%,104.2443301,104.0429834,0.201346756
281,67.01859667,0,ambient,0.991492317,0.003510935,0.983325897,0.996704511,C.canadensis,>80%,100.2013468,99.34886547,0.852481282
282,68.59462918,0,ambient,0.992873653,0.003070203,0.985684074,0.997354451,C.canadensis,>80%,100.8524813,100.1337715,0.718709737
283,94.35933042,0,ambient,0.999597793,0.000313698,0.998828486,0.999926435,C.canadensis,>80%,100.7187097,100.6782,0.040509751
284,92.40492447,0,ambient,0.999500856,0.000373704,0.998582454,0.999903187,C.canadensis,>80%,100.0405098,99.99057515,0.0499346
285,86.87768773,0,ambient,0.999078777,0.000613118,0.997563254,0.999791535,C.canadensis,>80%,100.0499346,99.95776632,0.09216828
286,80.46779395,0,ambient,0.998118002,0.001086415,0.99546437,0.999492587,C.canadensis,>80%,100.0921683,99.90379499,0.188373288
287,70.90245421,0,ambient,0.994501712,0.002517555,0.988559071,0.998076556,C.canadensis,>80%,100.1883733,99.63750873,0.550864556
288,80.03705529,0,ambient,0.998025191,0.001128803,0.995268047,0.999461028,C.canadensis,>80%,100.5508646,100.3522958,0.19856876
289,79.9596604,0,ambient,0.998008033,0.001136589,0.995232605,0.999455172,C.canadensis,>80%,100.1985688,99.9989765,0.199592264
290,88.29296131,0,ambient,0.99921279,0.000540148,0.997874354,0.999829408,C.canadensis,>80%,100.1995923,100.1207142,0.078878106
291,15.80858274,0,ambient,0.238037295,0.038823923,0.166575305,0.319594486,C.canadensis,20-50%,100.0788781,23.82250544,76.25637266
292,22.21766462,0,ambient,0.396551272,0.040619858,0.319322777,0.476538773,C.canadensis,20-50%,176.2563727,69.89468873,106.3616839
293,55.52964163,0,ambient,0.96918938,0.008858069,0.949540639,0.983938322,C.canadensis,>80%,206.3616839,200.0035526,6.358131345
294,53.67660368,0,ambient,0.962168521,0.010155491,0.940004831,0.979295597,C.canadensis,>80%,106.3581313,102.334446,4.023685377
295,123.7453211,0,ambient,0.999983517,2.38E-05,0.999933278,0.999998794,C.canadensis,>80%,104.0236854,104.0219708,0.001714579
296,78.74752844,0,ambient,0.997718861,0.001265618,0.994640998,0.999354799,C.canadensis,>80%,100.0017146,99.77359675,0.228117831
297,109.8725256,0,ambient,0.999926451,7.90E-05,0.999742342,0.999991661,C.canadensis,>80%,100.2281178,100.2207462,0.007371641
298,48.08113514,0,ambient,0.930340746,0.014852851,0.898916661,0.956906308,C.canadensis,>80%,100.0073716,93.04093269,6.966438952
299,72.85568242,0,ambient,0.99558473,0.00212489,0.99053919,0.998536815,C.canadensis,>80%,106.966439,106.4941533,0.472285669
300,104.7214682,0,ambient,0.999871094,0.000124528,0.999575451,0.999982861,C.canadensis,>80%,100.4722857,100.4593342,0.012951498
301,75.82183358,1,warming,0.726477649,0.031104881,0.663243404,0.785685149,C.canadensis,50-80%,100,72.64776491,27.35223509
302,29.65971376,1,warming,0.199892901,0.022926003,0.155637099,0.245520835,C.canadensis,<20%,127.3522351,25.45680774,101.8954274
303,72.14514885,1,warming,0.687683154,0.030841151,0.626156662,0.747458886,C.canadensis,50-80%,201.8954274,138.8400843,63.05534303
304,29.49402187,1,warming,0.198544962,0.02289826,0.154377005,0.244096867,C.canadensis,<20%,163.055343,32.37381689,130.6815261
305,44.86620461,1,warming,0.352287066,0.024040149,0.304092465,0.399400979,C.canadensis,20-50%,230.6815261,81.26611803,149.4154081
306,36.88050406,1,warming,0.265394178,0.023693406,0.218292299,0.312529031,C.canadensis,20-50%,249.4154081,66.19339718,183.2220109
307,29.46297296,1,warming,0.198293147,0.022893006,0.154142294,0.243840801,C.canadensis,<20%,283.2220109,56.16098372,227.0610272
308,106.9820134,1,warming,0.927615654,0.019326475,0.884213964,0.959894092,C.canadensis,>80%,327.0610272,303.3869286,23.67409858
309,46.71504249,1,warming,0.374219932,0.02418218,0.325970976,0.422113533,C.canadensis,20-50%,123.6740986,46.28131279,77.39278579
310,55.65372615,1,warming,0.486168541,0.025927325,0.434498835,0.537309877,C.canadensis,20-50%,177.3927858,86.24279191,91.14999388
311,38.09507337,1,warming,0.277686719,0.023754447,0.23041656,0.32467817,C.canadensis,20-50%,191.1499939,53.07981469,138.0701792
312,82.33958373,1,warming,0.787228911,0.030380807,0.723524588,0.843154627,C.canadensis,50-80%,238.0701792,187.4157279,50.65445133
313,56.30406679,1,warming,0.494510064,0.026126369,0.442922508,0.546333643,C.canadensis,20-50%,150.6544513,74.50014242,76.15430892
314,25.79199891,1,warming,0.170227048,0.022151069,0.12791373,0.214236577,C.canadensis,<20%,176.1543089,29.98622803,146.1680809
315,45.11776571,1,warming,0.355236871,0.024056383,0.307020653,0.402367071,C.canadensis,20-50%,246.1680809,87.44797879,158.7201021
316,26.73104891,1,warming,0.177086879,0.022363382,0.134222629,0.221476231,C.canadensis,<20%,258.7201021,45.81593534,212.9041668
317,49.82307321,1,warming,0.412255739,0.024570775,0.362339264,0.460315319,C.canadensis,20-50%,312.9041668,128.9965384,183.9076284
318,26.63176715,1,warming,0.176351331,0.022341652,0.13352326,0.220692708,C.canadensis,<20%,283.9076284,50.06748824,233.8401402
319,50.55799332,1,warming,0.421425715,0.024695523,0.37140373,0.46969795,C.canadensis,20-50%,333.8401402,140.6888196,193.1513205
320,32.02703656,1,warming,0.219913556,0.023269273,0.174784466,0.266334324,C.canadensis,20-50%,293.1513205,64.46794925,228.6833713
321,50.3753637,1,warming,0.419141581,0.024663269,0.369239888,0.467420925,C.canadensis,20-50%,328.6833713,137.7648679,190.9185034
322,15.18130764,1,warming,0.106914896,0.018879575,0.071927657,0.145367042,C.canadensis,<20%,290.9185034,31.10352144,259.814982
323,28.28073443,1,warming,0.188886142,0.022680121,0.145063768,0.234113978,C.canadensis,<20%,359.814982,67.96406383,291.8509181
324,2.213581555,1,warming,0.058577689,0.01392065,0.034318702,0.088800462,C.canadensis,<20%,391.8509181,22.95372103,368.8971971
325,19.82371249,1,warming,0.131547425,0.020479082,0.093740041,0.172600183,C.canadensis,<20%,468.8971971,61.68221892,407.2149782
326,29.58383859,1,warming,0.199274777,0.022913359,0.15505863,0.244849754,C.canadensis,<20%,507.2149782,101.0751515,406.1398267
327,58.18711381,1,warming,0.518659337,0.026742,0.466186353,0.571459127,C.canadensis,50-80%,506.1398267,262.514147,243.6256797
328,63.46906117,1,warming,0.585530527,0.028600106,0.529467318,0.642152497,C.canadensis,50-80%,343.6256797,201.2033254,142.4223543
329,17.02696948,1,warming,0.116174433,0.019539086,0.08013296,0.155860423,C.canadensis,<20%,242.4223543,28.16327965,214.2590746
330,81.5268825,1,warming,0.78023517,0.030550884,0.71662894,0.836749847,C.canadensis,50-80%,314.2590746,245.1959824,69.06309226
331,75.08999809,1,warming,0.719004574,0.031091151,0.656021972,0.778467135,C.canadensis,50-80%,169.0630923,121.5571366,47.50595568
332,55.55229467,1,warming,0.484868066,0.025897009,0.433281323,0.535952137,C.canadensis,20-50%,147.5059557,71.52092742,75.98502825
333,25.29192208,1,warming,0.166662256,0.022031896,0.124776068,0.210525605,C.canadensis,<20%,175.9850283,29.33006175,146.6549665
334,71.58013019,1,warming,0.681453988,0.030758598,0.620000259,0.741113117,C.canadensis,50-80%,246.6549665,168.0840105,78.57095597
335,17.94507275,1,warming,0.121038467,0.019856397,0.084277646,0.161072319,C.canadensis,<20%,178.570956,21.6139548,156.9570012
336,41.69407728,1,warming,0.316125389,0.023890755,0.268250663,0.363090586,C.canadensis,20-50%,256.9570012,81.23063196,175.7263692
337,32.38583811,1,warming,0.223072436,0.023312831,0.177779286,0.269504129,C.canadensis,20-50%,275.7263692,61.50695297,214.2194162
338,49.05240408,1,warming,0.402705392,0.024454137,0.353335692,0.451120261,C.canadensis,20-50%,314.2194162,126.5378532,187.6815631
339,71.61400843,1,warming,0.681829399,0.03076385,0.620370506,0.741485205,C.canadensis,50-80%,287.6815631,196.1497471,91.53181594
340,3.114092737,1,warming,0.061126874,0.014262413,0.036150686,0.091854013,C.canadensis,<20%,191.5318159,11.70774117,179.8240748
341,36.63986867,1,warming,0.263001082,0.023679665,0.216201636,0.309874779,C.canadensis,20-50%,279.8240748,73.59403453,206.2300402
342,115.3288128,1,warming,0.951101474,0.015197083,0.916320685,0.975545523,C.canadensis,>80%,306.2300402,291.2558428,14.97419746
343,47.59938525,1,warming,0.384905789,0.02427151,0.336263535,0.432880371,C.canadensis,20-50%,114.9741975,44.25423423,70.71996323
344,60.84168308,1,warming,0.552515338,0.027672556,0.498335423,0.606635668,C.canadensis,50-80%,170.7199632,94.32539822,76.394565
345,21.31023344,1,warming,0.140410793,0.020942714,0.101534117,0.182384832,C.canadensis,<20%,176.394565,24.76770073,151.6268643
346,35.32220496,1,warming,0.250149355,0.023592784,0.203789535,0.296557214,C.canadensis,20-50%,251.6268643,62.94429779,188.6825665
347,47.21872783,1,warming,0.380291677,0.024231164,0.331771946,0.428359637,C.canadensis,20-50%,288.6825665,109.7835773,178.8989892
348,82.73097855,1,warming,0.790537489,0.03029136,0.727040401,0.846207422,C.canadensis,50-80%,278.8989892,220.4801066,58.4188826
349,77.58978095,1,warming,0.743999091,0.031057406,0.680268155,0.802335574,C.canadensis,50-80%,158.4188826,117.8635047,40.55537788
350,32.84031336,1,warming,0.227120618,0.023364925,0.181751303,0.273609512,C.canadensis,20-50%,140.5553779,31.92302433,108.6323535
351,60.73248528,1,warming,0.551130459,0.027633624,0.496901974,0.605080904,C.canadensis,50-80%,208.6323535,114.9836448,93.64870879
352,17.34603689,1,warming,0.117845016,0.019650245,0.081578723,0.157809697,C.canadensis,<20%,193.6487088,22.82053528,170.8281735
353,41.22697392,1,warming,0.310973578,0.023873853,0.263112075,0.357905786,C.canadensis,20-50%,270.8281735,84.2204062,186.6077673
354,29.82885893,1,warming,0.201276114,0.022953817,0.156932991,0.247021307,C.canadensis,20-50%,286.6077673,57.68729762,228.9204697
355,84.55868335,1,warming,0.805476015,0.02981167,0.742750574,0.860125598,C.canadensis,>80%,328.9204697,264.937549,63.98292066
356,38.6067188,1,warming,0.282970436,0.023776681,0.235591917,0.329860499,C.canadensis,20-50%,163.9829207,46.40231852,117.5806021
357,67.25430844,1,warming,0.631658889,0.029799789,0.573397241,0.690272464,C.canadensis,50-80%,217.5806021,137.4367214,80.14388072
358,47.10679761,1,warming,0.378939039,0.024219855,0.330497204,0.427059487,C.canadensis,20-50%,180.1438807,68.26354896,111.8803318
359,54.9938238,1,warming,0.47771171,0.025733829,0.426391464,0.52826396,C.canadensis,20-50%,211.8803318,101.2177155,110.6626162
360,77.86111269,1,warming,0.746620529,0.031040059,0.683113168,0.804922558,C.canadensis,50-80%,210.6626162,157.2850339,53.37758235
361,78.11196352,1,warming,0.74902791,0.031021657,0.68565376,0.807317992,C.canadensis,50-80%,153.3775824,114.8840899,38.49349241
362,30.29620233,1,warming,0.205135647,0.023028011,0.160689657,0.250995163,C.canadensis,20-50%,138.4934924,28.40995222,110.0835402
363,10.67785477,1,warming,0.087035518,0.017185144,0.055785417,0.12303566,C.canadensis,<20%,210.0835402,18.28472965,191.7988105
364,61.97713331,1,warming,0.566860941,0.028077025,0.511708503,0.622080605,C.canadensis,50-80%,291.7988105,165.4093485,126.3894621
365,74.2222426,1,warming,0.70998034,0.031049639,0.647356441,0.769340231,C.canadensis,50-80%,226.3894621,160.7320673,65.6573948
366,-3.492081412,1,warming,0.044630775,0.011835029,0.024516548,0.070780387,C.canadensis,<20%,165.6573948,7.393417877,158.2639769
367,55.88046512,1,warming,0.489076214,0.025995817,0.437332067,0.540353108,C.canadensis,20-50%,258.2639769,126.3107681,131.9532088
368,25.63225316,1,warming,0.169081663,0.022113456,0.1269542,0.212958857,C.canadensis,<20%,231.9532088,39.21903419,192.7341746
369,58.61766145,1,warming,0.524171715,0.026889329,0.471512306,0.577360534,C.canadensis,50-80%,292.7341746,153.4429744,139.2912002
370,62.63202203,1,warming,0.575083778,0.02830848,0.519824257,0.630770859,C.canadensis,50-80%,239.2912002,137.6124875,101.6787127
371,76.8368121,1,warming,0.73662963,0.031091556,0.673270943,0.795263249,C.canadensis,50-80%,201.6787127,148.5625156,53.11619719
372,25.34011902,1,warming,0.167003171,0.022043564,0.125048825,0.210857458,C.canadensis,<20%,153.1161972,25.5708904,127.5453068
373,12.8847488,1,warming,0.09631592,0.018027057,0.063184159,0.133300762,C.canadensis,<20%,227.5453068,21.91623564,205.6290711
374,63.55739481,1,warming,0.586628516,0.028630518,0.530450712,0.643275226,C.canadensis,50-80%,305.6290711,179.2907285,126.3383426
375,54.78994195,1,warming,0.475101167,0.025675886,0.423721679,0.525556458,C.canadensis,20-50%,226.3383426,107.5336108,118.8047318
376,31.25039268,1,warming,0.213188228,0.023167475,0.168149939,0.259330408,C.canadensis,20-50%,218.8047318,46.6465931,172.1581387
377,50.99070652,1,warming,0.426850992,0.02477529,0.377030254,0.475390054,C.canadensis,20-50%,272.1581387,116.1709716,155.9871672
378,70.02859026,1,warming,0.664007235,0.030478174,0.6041671,0.723492576,C.canadensis,50-80%,255.9871672,169.977331,86.00983614
379,32.99987921,1,warming,0.228554376,0.023382413,0.183161539,0.275071451,C.canadensis,20-50%,186.0098361,42.51336195,143.4964742
380,51.57550417,1,warming,0.434211072,0.024890613,0.384190993,0.482864595,C.canadensis,20-50%,243.4964742,105.7288651,137.7676091
381,30.25432126,1,warming,0.204787511,0.023021521,0.160362655,0.250616844,C.canadensis,20-50%,237.7676091,48.6918369,189.0757722
382,57.50541494,1,warming,0.509921797,0.026513196,0.457729164,0.562309692,C.canadensis,50-80%,289.0757722,147.4060373,141.6697349
383,2.828511679,1,warming,0.060307294,0.014153743,0.03554565,0.090784694,C.canadensis,<20%,241.6697349,14.57444783,227.0952871
384,42.78452155,1,warming,0.32833077,0.023933396,0.280001536,0.374712388,C.canadensis,20-50%,327.0952871,107.3954476,219.6998395
385,69.14265599,1,warming,0.653830663,0.030284675,0.594650463,0.713097322,C.canadensis,50-80%,319.6998395,209.0295581,110.6702814
386,61.14042249,1,warming,0.556299617,0.027779104,0.501789997,0.611053339,C.canadensis,50-80%,210.6702814,117.1957968,93.47448456
387,-23.49278456,1,warming,0.016911789,0.006140922,0.007398528,0.031507159,C.canadensis,<20%,193.4744846,3.271999642,190.2024849
388,73.71715005,1,warming,0.704647481,0.031012974,0.642183415,0.764044308,C.canadensis,50-80%,290.2024849,204.4904499,85.71203498
389,33.52018065,1,warming,0.233274329,0.023436603,0.187636537,0.279786948,C.canadensis,20-50%,185.712035,43.32185036,142.3901846
390,11.62459394,1,warming,0.090912124,0.017548354,0.058855996,0.127439738,C.canadensis,<20%,242.3901846,22.03620652,220.3539781
391,34.11043197,1,warming,0.238711765,0.023492977,0.192719013,0.28496374,C.canadensis,20-50%,320.3539781,76.47226353,243.8817146
392,16.58717838,1,warming,0.113905941,0.019384407,0.07800272,0.153245943,C.canadensis,<20%,343.8817146,39.17017023,304.7115443
393,53.1236204,1,warming,0.453827755,0.025237546,0.402400632,0.503152745,C.canadensis,20-50%,404.7115443,183.6693316,221.0422128
394,95.43010737,1,warming,0.877646003,0.025350323,0.822202831,0.921913387,C.canadensis,>80%,321.0422128,281.7614149,39.28079787
395,53.9028157,1,warming,0.463759498,0.025434478,0.412320921,0.513739286,C.canadensis,20-50%,139.2807979,64.59279295,74.68800491
396,90.09564766,1,warming,0.845683804,0.027820093,0.786022969,0.895408773,C.canadensis,>80%,174.6880049,147.7308165,26.95718845
397,15.8868306,1,warming,0.11037418,0.019134796,0.074910403,0.149302138,C.canadensis,<20%,126.9571885,14.01279557,112.9443929
398,29.83493256,1,warming,0.201325917,0.022954806,0.156979686,0.2470753,C.canadensis,20-50%,212.9443929,42.87122517,170.0731677
399,24.84503783,1,warming,0.163528142,0.021921886,0.122076802,0.207098188,C.canadensis,<20%,270.0731677,44.16456322,225.9086045
400,28.35786023,1,warming,0.189489081,0.022694772,0.145607994,0.234755435,C.canadensis,<20%,325.9086045,61.7561221,264.1524824
401,130.3918083,0,ambient,0.987050221,0.006383093,0.971512103,0.995704634,E.divaricata,>80%,100,98.70502214,1.294977863
402,58.59100339,0,ambient,0.802698703,0.024558734,0.751249254,0.849377475,E.divaricata,>80%,101.2949779,81.30934732,19.98563054
403,112.6823953,0,ambient,0.974025529,0.010223825,0.950195155,0.989145838,E.divaricata,>80%,119.9856305,116.8690672,3.116563319
404,45.01980925,0,ambient,0.697019249,0.025997508,0.644911225,0.746444206,E.divaricata,50-80%,103.1165633,71.87422955,31.24233377
405,60.43099788,0,ambient,0.814604496,0.024365931,0.763343319,0.860432845,E.divaricata,>80%,131.2423338,106.9105952,24.3317386
406,82.12080611,0,ambient,0.91529241,0.019543809,0.873264812,0.949446377,E.divaricata,>80%,124.3317386,113.7998966,10.53184196
407,80.08236882,0,ambient,0.908551466,0.020162589,0.865456008,0.9441297,E.divaricata,>80%,110.531842,100.4238671,10.10797489
408,58.20153788,0,ambient,0.800104119,0.024596153,0.748676676,0.84686163,E.divaricata,>80%,110.1079749,88.09784423,22.01013066
409,75.49914598,0,ambient,0.891565405,0.021465062,0.846439319,0.929832932,E.divaricata,>80%,122.0101307,108.7800116,13.23011908
410,81.15084649,0,ambient,0.912144216,0.019840709,0.869579626,0.947051709,E.divaricata,>80%,113.2301191,103.2821981,9.947920934
411,70.81374714,0,ambient,0.871323189,0.022622969,0.823691573,0.912374097,E.divaricata,>80%,109.9479209,95.80017315,14.14774779
412,68.39901637,0,ambient,0.85965223,0.023134552,0.81076452,0.901876907,E.divaricata,>80%,114.1477478,98.12736598,16.02038181
413,78.48705473,0,ambient,0.902935582,0.020631582,0.859069995,0.939515897,E.divaricata,>80%,116.0203818,104.7589309,11.26145086
414,65.84953521,0,ambient,0.846357615,0.02360496,0.796024729,0.889515885,E.divaricata,>80%,111.2614509,94.16697614,17.09447472
415,88.69698869,0,ambient,0.934014643,0.017452525,0.895530932,0.963283863,E.divaricata,>80%,117.0944747,109.367954,7.72652073
416,99.64929391,0,ambient,0.956766503,0.013944622,0.925124266,0.97891349,E.divaricata,>80%,107.7265207,103.0691265,4.657394263
417,126.2465919,0,ambient,0.984758056,0.007154386,0.967388741,0.994630756,E.divaricata,>80%,104.6573943,103.0622122,1.5951821
418,84.10138785,0,ambient,0.921398242,0.018925909,0.880478487,0.954018948,E.divaricata,>80%,101.5951821,93.60962213,7.985559965
419,34.54108306,0,ambient,0.596555314,0.02970039,0.536032087,0.653353856,E.divaricata,50-80%,107.98556,64.4193596,43.56620037
420,29.24250443,0,ambient,0.541802143,0.032900086,0.475708874,0.605968338,E.divaricata,50-80%,143.5662004,77.78447508,65.78172529
421,94.43962062,0,ambient,0.947090273,0.015592374,0.912067582,0.972538111,E.divaricata,>80%,165.7817253,157.0102594,8.771465863
422,71.87156415,0,ambient,0.876163875,0.022379665,0.829087088,0.916776115,E.divaricata,>80%,108.7714659,95.30162904,13.46983682
423,128.2545972,0,ambient,0.985915178,0.006771431,0.969453525,0.99517578,E.divaricata,>80%,113.4698368,111.8716343,1.598202475
424,46.9364522,0,ambient,0.713792636,0.025676041,0.662349323,0.762678424,E.divaricata,50-80%,101.5982025,72.52004876,29.07815371
425,95.98286158,0,ambient,0.950156024,0.015098062,0.916227877,0.974596867,E.divaricata,>80%,129.0781537,122.6443854,6.433768346
426,71.16825975,0,ambient,0.872963606,0.022542689,0.825523973,0.913884617,E.divaricata,>80%,106.4337683,92.91280618,13.52096216
427,2.164703777,0,ambient,0.27574112,0.046004433,0.191334394,0.370037394,E.divaricata,20-50%,113.5209622,31.30239724,82.21856492
428,54.02781881,0,ambient,0.770652926,0.024950535,0.719641942,0.818015848,E.divaricata,50-80%,182.2185649,140.4272702,41.79129473
429,17.53964862,0,ambient,0.419526824,0.040826335,0.340864557,0.500060175,E.divaricata,20-50%,141.7912947,59.4852515,82.30604324
430,84.72562539,0,ambient,0.923235939,0.018728458,0.882676662,0.955380479,E.divaricata,>80%,182.3060432,168.311491,13.9945522
431,102.318829,0,ambient,0.961035045,0.013129101,0.93123431,0.981573528,E.divaricata,>80%,113.9945522,109.5527596,4.44179263
432,33.12549539,0,ambient,0.582099263,0.030482145,0.520285675,0.640045795,E.divaricata,50-80%,104.4417926,60.79549055,43.64630208
433,56.09522904,0,ambient,0.785618134,0.02478277,0.734258967,0.832771243,E.divaricata,50-80%,143.6463021,112.8511398,30.79516225
434,80.35303412,0,ambient,0.909474151,0.0200816,0.866511773,0.944894166,E.divaricata,>80%,130.7951623,118.9548191,11.84034316
435,103.8380364,0,ambient,0.963277472,0.012675923,0.934394904,0.982943648,E.divaricata,>80%,111.8403432,107.733283,4.107060131
436,-2.347587722,0,ambient,0.2400904,0.045727275,0.158464487,0.336033435,E.divaricata,20-50%,104.1070601,24.9951057,79.11195443
437,89.3750623,0,ambient,0.935705578,0.017232634,0.897557366,0.964476874,E.divaricata,>80%,179.1119544,167.5960548,11.51589959
438,45.02631734,0,ambient,0.697077157,0.025996273,0.644979585,0.746494329,E.divaricata,50-80%,111.5158996,77.73518627,33.78071332
439,68.47655876,0,ambient,0.860040722,0.023119105,0.811213676,0.902201483,E.divaricata,>80%,133.7807133,115.0568612,18.72385209
440,119.6448736,0,ambient,0.980240679,0.008541609,0.959864931,0.992441217,E.divaricata,>80%,118.7238521,116.3779494,2.345902672
441,76.39493388,0,ambient,0.895094504,0.021221997,0.850409639,0.932802801,E.divaricata,>80%,102.3459027,91.60925501,10.73664766
442,58.61823268,0,ambient,0.802879125,0.024556077,0.751458076,0.84954401,E.divaricata,>80%,110.7366477,88.90814276,21.8285049
443,87.99096761,0,ambient,0.93220925,0.017681102,0.89338744,0.962016949,E.divaricata,>80%,121.8285049,113.5696592,8.258845684
444,78.94235239,0,ambient,0.904569682,0.020499261,0.860917772,0.94090764,E.divaricata,>80%,108.2588457,97.92766965,10.33117604
445,53.62384637,0,ambient,0.767642437,0.024982949,0.716682704,0.815169805,E.divaricata,50-80%,110.331176,84.69489288,25.63628316
446,64.22751876,0,ambient,0.837360555,0.023866072,0.786637184,0.881371122,E.divaricata,>80%,125.6362832,105.2028678,20.43341531
447,80.35255928,0,ambient,0.909472539,0.020081743,0.866510108,0.944892792,E.divaricata,>80%,120.4334153,109.5308841,10.90253125
448,35.57111119,0,ambient,0.606971781,0.029171427,0.54776623,0.662597716,E.divaricata,50-80%,110.9025313,67.31470697,43.58782429
449,52.11438978,0,ambient,0.756145332,0.025107178,0.705170501,0.803586271,E.divaricata,50-80%,143.5878243,108.5732631,35.01456123
450,103.7017234,0,ambient,0.963081538,0.012716238,0.934104708,0.982824914,E.divaricata,>80%,135.0145612,130.0300312,4.984530009
451,81.29929651,0,ambient,0.912632949,0.019795544,0.870130056,0.947425417,E.divaricata,>80%,104.98453,95.81234119,9.172188818
452,123.7009932,0,ambient,0.983153385,0.0076657,0.964576719,0.993850984,E.divaricata,>80%,109.1721888,107.333007,1.839181807
453,83.18822283,0,ambient,0.918635857,0.019212555,0.877270093,0.951979061,E.divaricata,>80%,101.8391818,93.5531241,8.286057707
454,113.4121959,0,ambient,0.974758923,0.010036912,0.951258436,0.98954417,E.divaricata,>80%,108.2860577,105.552801,2.733256743
455,143.6296536,0,ambient,0.992298417,0.004384503,0.981463022,0.997840985,E.divaricata,>80%,102.7332567,101.942048,0.791208737
456,99.18512906,0,ambient,0.955979224,0.014088693,0.924008929,0.978418342,E.divaricata,>80%,100.7912087,96.35430154,4.436907201
457,86.27421127,0,ambient,0.9276225,0.018234291,0.887976866,0.958647261,E.divaricata,>80%,104.4369072,96.87802493,7.55888227
458,155.8328708,0,ambient,0.995220573,0.003066738,0.987494378,0.998877073,E.divaricata,>80%,107.5588823,107.0448125,0.514069794
459,64.34195722,0,ambient,0.838009338,0.023848617,0.787365986,0.881933477,E.divaricata,>80%,100.5140698,84.2317291,16.2823407
460,71.10575844,0,ambient,0.872675731,0.022556936,0.825201666,0.913607986,E.divaricata,>80%,116.2823407,101.4767766,14.80556406
461,58.63860085,0,ambient,0.803014002,0.024554086,0.751614937,0.849668482,E.divaricata,>80%,114.8055641,92.1904754,22.61508866
462,77.23722054,0,ambient,0.898317906,0.020987949,0.853938507,0.935565259,E.divaricata,>80%,122.6150887,110.1473297,12.46775892
463,58.56417196,0,ambient,0.802520792,0.024561346,0.751043368,0.849213226,E.divaricata,>80%,112.4677589,90.25771496,22.21004396
464,48.83171096,0,ambient,0.729808105,0.0254285,0.678878483,0.778198691,E.divaricata,50-80%,122.210044,89.18988061,33.02016335
465,89.29963386,0,ambient,0.935519533,0.017257108,0.897334136,0.964344736,E.divaricata,>80%,133.0201633,124.4429612,8.577202198
466,81.96663842,0,ambient,0.91479911,0.019591275,0.872688646,0.949072872,E.divaricata,>80%,108.5772022,99.32632793,9.250874267
467,32.19547134,0,ambient,0.572523871,0.031027683,0.510184493,0.631701666,E.divaricata,50-80%,109.2508743,62.5487335,46.70214077
468,13.3354429,0,ambient,0.377359968,0.0431193,0.294488652,0.463678064,E.divaricata,20-50%,146.7021408,55.35951513,91.34262564
469,83.41726547,0,ambient,0.919337104,0.019140922,0.878088859,0.95249565,E.divaricata,>80%,191.3426256,175.9083752,15.43425041
470,64.64497503,0,ambient,0.839716899,0.023801695,0.788903175,0.883531187,E.divaricata,>80%,115.4342504,96.93209085,18.50215956
471,52.29313288,0,ambient,0.757527147,0.025092048,0.706513792,0.804976556,E.divaricata,50-80%,118.5021596,89.76860283,28.73355673
472,104.5300667,0,ambient,0.964256579,0.012472338,0.935823179,0.98352789,E.divaricata,>80%,128.7335567,124.132179,4.601377693
473,68.06749455,0,ambient,0.857980859,0.023199843,0.80883355,0.900363369,E.divaricata,>80%,104.6013777,89.7459799,14.85539779
474,109.8472277,0,ambient,0.970970834,0.010972987,0.945701859,0.987441987,E.divaricata,>80%,114.8553978,111.5212413,3.33415646
475,48.0091224,0,ambient,0.722928205,0.025528622,0.672064516,0.771537285,E.divaricata,50-80%,103.3341565,74.70317621,28.63098025
476,122.4382973,0,ambient,0.982295825,0.007930242,0.963111043,0.993438458,E.divaricata,>80%,128.6309802,126.3536749,2.277305368
477,110.7752844,0,ambient,0.972007941,0.010723765,0.94718707,0.988032375,E.divaricata,>80%,102.2773054,99.41435297,2.862952398
478,52.54123526,0,ambient,0.759436108,0.025071281,0.708421047,0.806875131,E.divaricata,50-80%,102.8629524,78.11784028,24.74511212
479,53.01458914,0,ambient,0.763048961,0.025032285,0.712000577,0.810337585,E.divaricata,50-80%,124.7451121,95.18662819,29.55848393
480,80.23551182,0,ambient,0.90907458,0.020116813,0.866058207,0.944561914,E.divaricata,>80%,129.5584839,117.7783243,11.7801596
481,67.01859667,0,ambient,0.852580534,0.023398337,0.802841044,0.89544639,E.divaricata,>80%,111.7801596,95.30158811,16.47857149
482,68.59462918,0,ambient,0.860630489,0.023095457,0.811869618,0.902736834,E.divaricata,>80%,116.4785715,100.24501,16.2335615
483,94.35933042,0,ambient,0.946925897,0.0156182,0.91184359,0.972426637,E.divaricata,>80%,116.2335615,110.0645694,6.168992072
484,92.40492447,0,ambient,0.942769933,0.016249366,0.906234474,0.96956158,E.divaricata,>80%,106.1689921,100.0929335,6.076058526
485,86.87768773,0,ambient,0.929267221,0.018040354,0.889892573,0.959862839,E.divaricata,>80%,106.0760585,98.57300414,7.503054384
486,80.46779395,0,ambient,0.90986277,0.020047147,0.866933724,0.945225261,E.divaricata,>80%,107.5030544,97.8130268,9.69002758
487,70.90245421,0,ambient,0.871735384,0.022603002,0.824150602,0.912741915,E.divaricata,>80%,109.6900276,95.62067834,14.06934924
488,80.03705529,0,ambient,0.908396152,0.020176109,0.86527743,0.944007739,E.divaricata,>80%,114.0693492,103.620158,10.44919127
489,79.9596604,0,ambient,0.908130318,0.020199177,0.864973034,0.943798851,E.divaricata,>80%,110.4491913,100.3022592,10.14693206
490,88.29296131,0,ambient,0.932987142,0.017583388,0.894307991,0.962563919,E.divaricata,>80%,110.1469321,102.7656714,7.381260707
491,15.80858274,0,ambient,0.401968724,0.041835353,0.321971925,0.485318491,E.divaricata,20-50%,107.3812607,43.1639083,64.21735241
492,22.21766462,0,ambient,0.467980021,0.037767068,0.393978203,0.542138914,E.divaricata,20-50%,164.2173524,76.85044,87.36691241
493,55.52964163,0,ambient,0.78159757,0.024829518,0.730290082,0.828507345,E.divaricata,50-80%,187.3669124,146.4455234,40.92138898
494,53.67660368,0,ambient,0.768037193,0.024978707,0.71708153,0.815555932,E.divaricata,50-80%,140.921389,108.2328681,32.68852091
495,123.7453211,0,ambient,0.983182724,0.007656545,0.964627629,0.993865481,E.divaricata,>80%,132.6885209,130.4570615,2.231459426
496,78.74752844,0,ambient,0.903873544,0.020556038,0.860129599,0.940315542,E.divaricata,>80%,102.2314594,92.40431151,9.827147915
497,109.8725256,0,ambient,0.970999601,0.010966143,0.945742861,0.987459114,E.divaricata,>80%,109.8271479,106.6421168,3.185031131
498,48.08113514,0,ambient,0.723534892,0.025519439,0.672692652,0.772171856,E.divaricata,50-80%,103.1850311,74.6579704,28.52706073
499,72.85568242,0,ambient,0.88052289,0.022143401,0.83396832,0.920472907,E.divaricata,>80%,128.5270607,113.171019,15.35604172
500,104.7214682,0,ambient,0.964522832,0.012416355,0.936167943,0.983694294,E.divaricata,>80%,115.3560417,111.2635361,4.09250563
501,75.82183358,1,warming,0.845193441,0.026793923,0.788326423,0.892512511,E.divaricata,>80%,100,84.51934411,15.48065589
502,29.65971376,1,warming,0.524181285,0.033371772,0.459400682,0.589506745,E.divaricata,50-80%,115.4806559,60.53279861,54.94785728
503,72.14514885,1,warming,0.827979438,0.027100988,0.770565352,0.87617667,E.divaricata,>80%,154.9478573,128.2936398,26.65421752
504,29.49402187,1,warming,0.522741528,0.033473735,0.457684372,0.588297638,E.divaricata,50-80%,126.6542175,66.20741918,60.44679834
505,44.86620461,1,warming,0.65179114,0.027217645,0.598629626,0.704052773,E.divaricata,50-80%,160.4467983,104.5778016,55.86899669
506,36.88050406,1,warming,0.58625648,0.029544143,0.528716657,0.643929723,E.divaricata,50-80%,155.8689967,91.37920936,64.48978733
507,29.46297296,1,warming,0.522471697,0.033492893,0.457407293,0.588125873,E.divaricata,50-80%,164.4897873,85.94125837,78.54852896
508,106.9820134,1,warming,0.939952752,0.019482207,0.894533969,0.970634956,E.divaricata,>80%,178.548529,167.8271812,10.7213478
509,46.71504249,1,warming,0.666261424,0.026975677,0.612715853,0.717579974,E.divaricata,50-80%,110.7213478,73.76936285,36.95198496
510,55.65372615,1,warming,0.731469761,0.026849436,0.676138145,0.781446127,E.divaricata,50-80%,136.951985,100.1762357,36.77574922
511,38.09507337,1,warming,0.596491338,0.029049826,0.54027381,0.652560706,E.divaricata,50-80%,136.7757492,81.58554967,55.19019956
512,82.33958373,1,warming,0.87212633,0.025860225,0.816399182,0.917185512,E.divaricata,>80%,155.1901996,135.3454591,19.84474042
513,56.30406679,1,warming,0.735877954,0.026878813,0.680551096,0.78593317,E.divaricata,50-80%,119.8447404,88.19110236,31.65363806
514,25.79199891,1,warming,0.490539113,0.035846811,0.422094284,0.562392028,E.divaricata,20-50%,131.6536381,64.58125885,67.07237921
515,45.11776571,1,warming,0.653777716,0.027178797,0.600429074,0.706128107,E.divaricata,50-80%,167.0723792,109.2281985,57.8441807
516,26.73104891,1,warming,0.498706686,0.035231321,0.431399059,0.568603966,E.divaricata,20-50%,157.8441807,78.71794821,79.12623249
517,49.82307321,1,warming,0.68986907,0.02677131,0.63579944,0.741071075,E.divaricata,50-80%,179.1262325,123.5736475,55.55258498
518,26.63176715,1,warming,0.497842915,0.035296075,0.430182091,0.567916774,E.divaricata,20-50%,155.552585,77.4407523,78.11183269
519,50.55799332,1,warming,0.695311584,0.026753972,0.641346855,0.746181526,E.divaricata,50-80%,178.1118327,123.8432206,54.26861209
520,32.02703656,1,warming,0.544702943,0.031972303,0.482581453,0.607383208,E.divaricata,50-80%,154.2686121,84.03056707,70.23804502
521,50.3753637,1,warming,0.693964263,0.026757325,0.640128444,0.744964682,E.divaricata,50-80%,170.238045,118.1391195,52.09892554
522,15.18130764,1,warming,0.399875806,0.042624362,0.319744894,0.48707681,E.divaricata,20-50%,152.0989255,60.82068042,91.27824513
523,28.28073443,1,warming,0.512190977,0.034233454,0.446376863,0.58008213,E.divaricata,50-80%,191.2782451,97.97099134,93.30725379
524,2.213581555,1,warming,0.298984878,0.047867046,0.212155478,0.399204531,E.divaricata,20-50%,193.3072538,57.79594577,135.511308
525,19.82371249,1,warming,0.439007641,0.039782929,0.363686365,0.519802641,E.divaricata,20-50%,235.511308,103.3912638,132.1200442
526,29.58383859,1,warming,0.523522018,0.033418406,0.458609996,0.588883397,E.divaricata,50-80%,232.1200442,121.519954,110.6000902
527,58.18711381,1,warming,0.748368875,0.026971946,0.692331369,0.798033956,E.divaricata,50-80%,210.6000902,157.6065525,52.99353769
528,63.46906117,1,warming,0.781196026,0.027205334,0.723966788,0.830299801,E.divaricata,50-80%,152.9935377,119.5179436,33.47559407
529,17.02696948,1,warming,0.415295707,0.041535676,0.337695789,0.500598975,E.divaricata,20-50%,133.4755941,55.43184122,78.04375284
530,81.5268825,1,warming,0.869007348,0.026001987,0.813198353,0.914340204,E.divaricata,>80%,178.0437528,154.7213295,23.32242334
531,75.08999809,1,warming,0.841886839,0.026868139,0.784821225,0.889425831,E.divaricata,>80%,123.3224233,103.8235251,19.49889823
532,55.55229467,1,warming,0.730777911,0.026845056,0.675488692,0.780739671,E.divaricata,50-80%,119.4988982,87.32715519,32.17174304
533,25.29192208,1,warming,0.486192629,0.036176867,0.416849456,0.558921121,E.divaricata,20-50%,132.171743,64.26092726,67.91081578
534,71.58013019,1,warming,0.825199165,0.02713358,0.767927351,0.873328957,E.divaricata,>80%,167.9108158,138.559865,29.35095074
535,17.94507275,1,warming,0.42303759,0.040972291,0.346485632,0.506798005,E.divaricata,20-50%,129.3509507,54.72031451,74.63063623
536,41.69407728,1,warming,0.626296568,0.027881705,0.572347666,0.67992114,E.divaricata,50-80%,174.6306362,109.3705682,65.260068
537,32.38583811,1,warming,0.54780273,0.031770796,0.486374127,0.609946562,E.divaricata,50-80%,165.260068,90.5299164,74.7301516
538,49.05240408,1,warming,0.684103146,0.026801125,0.630381006,0.735674386,E.divaricata,50-80%,174.7301516,119.5334465,55.19670513
539,71.61400843,1,warming,0.825366896,0.027131735,0.768085894,0.873501271,E.divaricata,>80%,155.1967051,128.0942228,27.10248236
540,3.114092737,1,warming,0.305484649,0.047663485,0.218621422,0.405773005,E.divaricata,20-50%,127.1024824,38.82785724,88.27462512
541,36.63986867,1,warming,0.584219555,0.029647872,0.526546294,0.642016645,E.divaricata,50-80%,188.2746251,109.9937176,78.28090747
542,115.3288128,1,warming,0.95384294,0.017016749,0.913239375,0.979505554,E.divaricata,>80%,178.2809075,170.0519849,8.228922553
543,47.59938525,1,warming,0.673073107,0.026893639,0.619465331,0.724625578,E.divaricata,50-80%,108.2289226,72.84597714,35.38294542
544,60.84168308,1,warming,0.765277755,0.027103172,0.708378715,0.814321722,E.divaricata,50-80%,135.3829454,103.6055566,31.77738886
545,21.31023344,1,warming,0.45174886,0.038815341,0.377756582,0.530306563,E.divaricata,20-50%,131.7773889,59.53028524,72.24710362
546,35.32220496,1,warming,0.573016888,0.03024863,0.514679768,0.631819521,E.divaricata,50-80%,172.2471036,98.70049932,73.5466043
547,47.21872783,1,warming,0.670150037,0.026926433,0.616382889,0.721529751,E.divaricata,50-80%,173.5466043,116.3022633,57.24434101
548,82.73097855,1,warming,0.873604976,0.025789566,0.817902674,0.918494851,E.divaricata,>80%,157.244341,137.3694387,19.87490227
549,77.58978095,1,warming,0.852940987,0.026588259,0.796440781,0.89967525,E.divaricata,>80%,119.8749023,102.2462174,17.62868485
550,32.84031336,1,warming,0.551724008,0.031520059,0.490777354,0.613358931,E.divaricata,50-80%,117.6286849,64.89856942,52.73011543
551,60.73248528,1,warming,0.764598506,0.02709814,0.707720167,0.813617152,E.divaricata,50-80%,152.7301154,116.7772181,35.95289729
552,17.34603689,1,warming,0.417981178,0.041341387,0.340620519,0.502704213,E.divaricata,20-50%,135.9528973,56.82575222,79.12714507
553,41.22697392,1,warming,0.62247726,0.028007984,0.568141589,0.676107106,E.divaricata,50-80%,179.1271451,111.5025745,67.62457055
554,29.82885893,1,warming,0.525650702,0.03326817,0.461164955,0.59089416,E.divaricata,50-80%,167.6245705,88.11197321,79.51259734
555,84.55868335,1,warming,0.880311529,0.02543991,0.825050503,0.924066063,E.divaricata,>80%,179.5125973,158.027009,21.48558835
556,38.6067188,1,warming,0.600778336,0.028856482,0.544845527,0.656473097,E.divaricata,50-80%,121.4855883,72.98590961,48.49967874
557,67.25430844,1,warming,0.802692109,0.02725823,0.745412721,0.851718309,E.divaricata,>80%,148.4996787,119.1995203,29.30015841
558,47.10679761,1,warming,0.669287937,0.026936792,0.615543901,0.720752596,E.divaricata,50-80%,129.3001584,86.53903626,42.76112215
559,54.9938238,1,warming,0.726947898,0.026822089,0.671875257,0.776821167,E.divaricata,50-80%,142.7611222,103.7798977,38.98122448
560,77.86111269,1,warming,0.854100278,0.026553444,0.797544127,0.900768669,E.divaricata,>80%,138.9812245,118.7039025,20.27732199
561,78.11196352,1,warming,0.855165094,0.026520499,0.798634596,0.901751438,E.divaricata,>80%,120.277322,102.8569673,17.42035465
562,30.29620233,1,warming,0.529708618,0.032984574,0.465843806,0.594577192,E.divaricata,50-80%,117.4203547,62.19857377,55.22178088
563,10.67785477,1,warming,0.363209335,0.044972299,0.279301988,0.456314825,E.divaricata,20-50%,155.2217809,56.37799982,98.84378106
564,61.97713331,1,warming,0.77225724,0.027152256,0.715280557,0.820987967,E.divaricata,50-80%,198.8437811,153.5585495,45.28523156
565,74.2222426,1,warming,0.837889552,0.026947738,0.780707121,0.88569006,E.divaricata,>80%,145.2852316,121.7329776,23.55225398
566,-3.492081412,1,warming,0.259835523,0.048564502,0.174178017,0.361025023,E.divaricata,20-50%,123.552254,32.1032645,91.44898948
567,55.88046512,1,warming,0.73301211,0.026859437,0.677584432,0.783019397,E.divaricata,50-80%,191.4489895,140.3344277,51.1145618
568,25.63225316,1,warming,0.489150378,0.035952101,0.420385271,0.561335044,E.divaricata,20-50%,151.1145618,73.91774496,77.19681684
569,58.61766145,1,warming,0.751167307,0.02699392,0.694952105,0.800771864,E.divaricata,50-80%,177.1968168,133.1044557,44.09236119
570,62.63202203,1,warming,0.776213433,0.02717736,0.719059466,0.825258517,E.divaricata,50-80%,144.0923612,111.8464264,32.2459348
571,76.8368121,1,warming,0.849682578,0.02668037,0.793187268,0.89662093,E.divaricata,>80%,132.2459348,112.3670669,19.87886795
572,25.34011902,1,warming,0.48661142,0.036145002,0.417312822,0.559360757,E.divaricata,20-50%,119.8788679,58.33442611,61.54444183
573,12.8847488,1,warming,0.380992891,0.043882049,0.298759346,0.471662785,E.divaricata,20-50%,161.5444418,61.54728396,99.99715787
574,63.55739481,1,warming,0.781716999,0.027207992,0.724482583,0.830860666,E.divaricata,50-80%,199.9971579,156.3411782,43.65597971
575,54.78994195,1,warming,0.725540948,0.026814242,0.670568975,0.775371323,E.divaricata,50-80%,143.6559797,104.2282958,39.42768396
576,31.25039268,1,warming,0.537982496,0.032418641,0.47539581,0.601574719,E.divaricata,50-80%,139.427684,75.00965348,64.41803048
577,50.99070652,1,warming,0.698490111,0.026748421,0.644525501,0.749266464,E.divaricata,50-80%,164.4180305,114.8443684,49.57366207
578,70.02859026,1,warming,0.817376312,0.027203303,0.760026425,0.8657076,E.divaricata,>80%,149.5736621,122.2579682,27.31569384
579,32.99987921,1,warming,0.553099337,0.031433258,0.492381206,0.614731167,E.divaricata,50-80%,127.3156938,70.41822588,56.89746796
580,51.57550417,1,warming,0.702754777,0.026745963,0.648888585,0.753352194,E.divaricata,50-80%,156.897468,110.2604452,46.6370228
581,30.25432126,1,warming,0.529345099,0.033009824,0.465382446,0.59431973,E.divaricata,50-80%,146.6370228,77.62158936,69.01543344
582,57.50541494,1,warming,0.743894074,0.026937371,0.688140098,0.793437228,E.divaricata,50-80%,169.0154334,125.7295794,43.28585406
583,2.828511679,1,warming,0.303414213,0.047730811,0.21655441,0.403661527,E.divaricata,20-50%,143.2858541,43.47496464,99.81088942
584,42.78452155,1,warming,0.635149961,0.02761592,0.581384075,0.688135401,E.divaricata,50-80%,199.8108894,126.9098785,72.90101088
585,69.14265599,1,warming,0.812784676,0.02723034,0.755598607,0.861376085,E.divaricata,>80%,172.9010109,140.5312921,32.3697188
586,61.14042249,1,warming,0.767128833,0.027116685,0.710180666,0.816075364,E.divaricata,50-80%,132.3697188,101.544628,30.82509084
587,-23.49278456,1,warming,0.151754461,0.044138848,0.080462647,0.250206896,E.divaricata,<20%,130.8250908,19.85329118,110.9717997
588,73.71715005,1,warming,0.835524302,0.02698985,0.778341348,0.883463255,E.divaricata,>80%,210.9717997,176.2720656,34.69973411
589,33.52018065,1,warming,0.557578405,0.031154822,0.49734795,0.618588454,E.divaricata,50-80%,134.6997341,75.10566297,59.59407114
590,11.62459394,1,warming,0.370792045,0.0445198,0.287780476,0.462725315,E.divaricata,20-50%,159.5940711,59.17621196,100.4178592
591,34.11043197,1,warming,0.562648687,0.030847787,0.502887048,0.622652153,E.divaricata,50-80%,200.4178592,112.7648453,87.65301389
592,16.58717838,1,warming,0.411603338,0.041800694,0.333648117,0.497505052,E.divaricata,20-50%,187.6530139,77.23860688,110.414407
593,53.1236204,1,warming,0.713869204,0.026763866,0.659517225,0.763792002,E.divaricata,50-80%,210.414407,150.2083653,60.20604173
594,95.43010737,1,warming,0.913983704,0.022821784,0.863000518,0.951766044,E.divaricata,>80%,160.2060417,146.4257115,13.78033026
595,53.9028157,1,warming,0.719365182,0.026784069,0.664906173,0.769121338,E.divaricata,50-80%,113.7803303,81.84960795,31.93072232
596,90.09564766,1,warming,0.898726999,0.024205332,0.845449821,0.939795532,E.divaricata,>80%,131.9307223,118.5697022,13.36102017
597,15.8868306,1,warming,0.405746295,0.042215671,0.326586748,0.492080563,E.divaricata,20-50%,113.3610202,45.99581388,67.36520628
598,29.83493256,1,warming,0.525703459,0.033264459,0.461228324,0.590943952,E.divaricata,50-80%,167.3652063,87.98446783,79.38073846
599,24.84503783,1,warming,0.482310994,0.036472774,0.412570012,0.555357948,E.divaricata,20-50%,179.3807385,86.5173023,92.86343615
600,28.35786023,1,warming,0.512861957,0.034184529,0.447193616,0.580684662,E.divaricata,50-80%,192.8634362,98.91231921,93.95111694