year,imput_new,germ_perc,seedbank,scenario,species
1,100,0.99980595,0.019405046,ambient,P.virginianum
2,100.019405,0.87745043,12.25733508,ambient,P.virginianum
3,112.2573351,0.999050795,0.106555198,ambient,P.virginianum
4,100.1065552,0.663973949,33.63841039,ambient,P.virginianum
5,133.6384104,0.894911704,14.04383277,ambient,P.virginianum
6,114.0438328,0.984718471,1.742764192,ambient,P.virginianum
7,101.7427642,0.98160355,1.871705638,ambient,P.virginianum
8,101.8717056,0.873444193,12.89245596,ambient,P.virginianum
9,112.892456,0.972123223,3.147077791,ambient,P.virginianum
10,103.1470778,0.983307584,1.721773934,ambient,P.virginianum
11,101.7217739,0.957517128,4.32143312,ambient,P.virginianum
12,104.3214331,0.947332468,5.49435237,ambient,P.virginianum
13,105.4943524,0.978734071,2.243435442,ambient,P.virginianum
14,102.2434354,0.934070741,6.740833967,ambient,P.virginianum
15,106.740834,0.991610676,0.895483466,ambient,P.virginianum
16,100.8954835,0.996908121,0.311956599,ambient,P.virginianum
17,100.3119566,0.999719153,0.028172321,ambient,P.virginianum
18,100.0281723,0.987241899,1.27616948,ambient,P.virginianum
19,101.2761695,0.421103684,58.62840145,ambient,P.virginianum
20,158.6284015,0.305335486,110.1935214,ambient,P.virginianum
21,210.1935214,0.995031249,1.04439922,ambient,P.virginianum
22,101.0443992,0.961354934,3.904867439,ambient,P.virginianum
23,103.9048674,0.999765236,0.024393082,ambient,P.virginianum
24,100.0243931,0.703421449,29.6650896,ambient,P.virginianum
25,129.6650896,0.9956831,0.559751181,ambient,P.virginianum
26,100.5597512,0.958842636,4.13877428,ambient,P.virginianum
27,104.1387743,0.03362287,100.6373298,ambient,P.virginianum
28,200.6373298,0.823055365,35.50169902,ambient,P.virginianum
29,135.501699,0.127185932,118.2677892,ambient,P.virginianum
30,218.2677892,0.987947765,2.630614605,ambient,P.virginianum
31,102.6306146,0.997574246,0.248956616,ambient,P.virginianum
32,100.2489566,0.388642401,61.28796145,ambient,P.virginianum
33,161.2879615,0.849772571,24.22987582,ambient,P.virginianum
34,124.2298758,0.982050852,2.229820454,ambient,P.virginianum
35,102.2298205,0.997886766,0.216035493,ambient,P.virginianum
36,100.2160355,0.022416623,97.96953045,ambient,P.virginianum
37,197.9695305,0.992113988,1.56119017,ambient,P.virginianum
38,101.5611902,0.664112328,34.11315174,ambient,P.virginianum
39,134.1131517,0.947693094,7.015044017,ambient,P.virginianum
40,107.015044,0.999492754,0.054283003,ambient,P.virginianum
41,100.054283,0.974292862,2.57210926,ambient,P.virginianum
42,102.5721093,0.877726352,12.54186603,ambient,P.virginianum
43,112.541866,0.991052452,1.006973715,ambient,P.virginianum
44,101.0069737,0.979595337,2.061013276,ambient,P.virginianum
45,102.0610133,0.817413161,18.6349978,ambient,P.virginianum
46,118.6349978,0.924060748,9.009052983,ambient,P.virginianum
47,109.009053,0.982050077,1.956704153,ambient,P.virginianum
48,101.9567042,0.445194255,56.56616518,ambient,P.virginianum
49,156.5661652,0.79507845,32.08378124,ambient,P.virginianum
50,132.0837812,0.997860463,0.282598202,ambient,P.virginianum
51,100.2825982,0.983531609,1.651493041,ambient,P.virginianum
52,101.651493,0.999647369,0.035845428,ambient,P.virginianum
53,100.0358454,0.98613455,1.387042051,ambient,P.virginianum
54,101.3870421,0.999111269,0.090105852,ambient,P.virginianum
55,100.0901059,0.999939936,0.006011808,ambient,P.virginianum
56,100.0060118,0.996774779,0.322541443,ambient,P.virginianum
57,100.3225414,0.989535302,1.04984514,ambient,P.virginianum
58,101.0498451,0.999979405,0.002081107,ambient,P.virginianum
59,100.0020811,0.924810978,7.519058689,ambient,P.virginianum
60,107.5190587,0.958611883,4.450011374,ambient,P.virginianum
61,104.4500114,0.877932393,12.74996291,ambient,P.virginianum
62,112.7499629,0.976181156,2.685573812,ambient,P.virginianum
63,102.6855738,0.87717801,12.61204655,ambient,P.virginianum
64,112.6120465,0.739621072,29.32180394,ambient,P.virginianum
65,129.3218039,0.992059527,1.026876289,ambient,P.virginianum
66,101.0268763,0.984502404,1.565673702,ambient,P.virginianum
67,101.5656737,0.36783824,64.20593499,ambient,P.virginianum
68,164.205935,0.089509933,149.5078727,ambient,P.virginianum
69,249.5078727,0.986420973,3.388074243,ambient,P.virginianum
70,103.3880742,0.926764355,7.571692306,ambient,P.virginianum
71,107.5716923,0.797827138,21.74807686,ambient,P.virginianum
72,121.7480769,0.998015369,0.241625008,ambient,P.virginianum
73,100.241625,0.945763754,5.436729409,ambient,P.virginianum
74,105.4367294,0.998773796,0.129286936,ambient,P.virginianum
75,100.1292869,0.724271149,27.60853322,ambient,P.virginianum
76,127.6085332,0.999605158,0.050385224,ambient,P.virginianum
77,100.0503852,0.998872444,0.112812402,ambient,P.virginianum
78,100.1128124,0.801595994,19.86278302,ambient,P.virginianum
79,119.862783,0.808637247,22.93727215,ambient,P.virginianum
80,122.9372721,0.981857973,2.230331327,ambient,P.virginianum
81,102.2303313,0.940502576,6.082441321,ambient,P.virginianum
82,106.0824413,0.94823768,5.491073255,ambient,P.virginianum
83,105.4910733,0.994994751,0.52800905,ambient,P.virginianum
84,100.528009,0.994018399,0.601318426,ambient,P.virginianum
85,100.6013184,0.990095857,0.99636987,ambient,P.virginianum
86,100.9963699,0.982237237,1.793974608,ambient,P.virginianum
87,101.7939746,0.957852615,4.290349881,ambient,P.virginianum
88,104.2903499,0.981527594,1.926493657,ambient,P.virginianum
89,101.9264937,0.981397144,1.896123908,ambient,P.virginianum
90,101.8961239,0.991295634,0.886941204,ambient,P.virginianum
91,100.8869412,0.110238537,89.76531236,ambient,P.virginianum
92,189.7653124,0.184480316,154.7573477,ambient,P.virginianum
93,254.7573477,0.842816364,40.04368621,ambient,P.virginianum
94,140.0436862,0.818157982,25.46582653,ambient,P.virginianum
95,125.4658265,0.999648766,0.044067914,ambient,P.virginianum
96,100.0440679,0.979231096,2.077805596,ambient,P.virginianum
97,102.0778056,0.998776597,0.124882286,ambient,P.virginianum
98,100.1248823,0.725637446,27.47051839,ambient,P.virginianum
99,127.4705184,0.964622278,4.509616599,ambient,P.virginianum
100,104.5096166,0.998049526,0.203843241,ambient,P.virginianum
1,100,0.973896944,2.610305642,Cc,P.virginianum
2,102.6103056,0.093011358,93.06638173,Cc,P.virginianum
3,193.0663817,0.959278906,7.86187423,Cc,P.virginianum
4,107.8618742,0.091250742,98.0193982,Cc,P.virginianum
5,198.0193982,0.419431565,114.963812,Cc,P.virginianum
6,214.963812,0.205035163,170.8886718,Cc,P.virginianum
7,270.8886718,0.09092422,246.2583306,Cc,P.virginianum
8,346.2583306,0.999408209,0.20491255,Cc,P.virginianum
9,100.2049126,0.478553075,52.25154355,Cc,P.virginianum
10,152.2515436,0.744163388,38.95151914,Cc,P.virginianum
11,138.9515191,0.231645203,106.7640663,Cc,P.virginianum
12,206.7640663,0.988215924,2.436523391,Cc,P.virginianum
13,102.4365234,0.759728715,24.61255514,Cc,P.virginianum
14,124.6125551,0.059106808,117.2471048,Cc,P.virginianum
15,217.2471048,0.427378122,124.4004451,Cc,P.virginianum
16,224.4004451,0.066066645,209.5750604,Cc,P.virginianum
17,309.5750604,0.578406783,130.5147458,Cc,P.virginianum
18,230.5147458,0.065295794,215.4631023,Cc,P.virginianum
19,315.4631023,0.601378314,125.7504338,Cc,P.virginianum
20,225.7504338,0.12173445,198.2688288,Cc,P.virginianum
21,298.2688288,0.595708424,120.5875749,Cc,P.virginianum
22,220.5875749,0.016319072,216.9877904,Cc,P.virginianum
23,316.9877904,0.079259989,291.8633416,Cc,P.virginianum
24,391.8633416,0.003328135,390.5591677,Cc,P.virginianum
25,490.5591677,0.028785588,476.4381337,Cc,P.virginianum
26,576.4381337,0.092201315,523.2897795,Cc,P.virginianum
27,623.2897795,0.800978814,124.0478712,Cc,P.virginianum
28,224.0478712,0.887489245,25.20779525,Cc,P.virginianum
29,125.2077952,0.020458771,122.6461976,Cc,P.virginianum
30,222.6461976,0.986984648,2.897818593,Cc,P.virginianum
31,102.8978186,0.971471266,2.935544486,Cc,P.virginianum
32,102.9355445,0.741675592,26.59076359,Cc,P.virginianum
33,126.5907636,0.055689917,119.5409345,Cc,P.virginianum
34,219.5409345,0.956419158,9.567778855,Cc,P.virginianum
35,109.5677789,0.022889666,107.059809,Cc,P.virginianum
36,207.059809,0.324055038,139.9610347,Cc,P.virginianum
37,239.9610347,0.126711901,209.5551157,Cc,P.virginianum
38,309.5551157,0.553936584,138.0812123,Cc,P.virginianum
39,238.0812123,0.956595962,10.33368589,Cc,P.virginianum
40,110.3336859,0.003715438,109.9237479,Cc,P.virginianum
41,209.9237479,0.200045941,167.9293542,Cc,P.virginianum
42,267.9293542,0.99978123,0.058614898,Cc,P.virginianum
43,100.0586149,0.507151557,49.31373253,Cc,P.virginianum
44,149.3137325,0.849579026,22.45991715,Cc,P.virginianum
45,122.4599171,0.034485343,118.2368449,Cc,P.virginianum
46,218.2368449,0.174369181,180.183065,Cc,P.virginianum
47,280.183065,0.494836884,141.5381501,Cc,P.virginianum
48,241.5381501,0.98876672,2.713265782,Cc,P.virginianum
49,102.7132658,0.97895027,2.162086523,Cc,P.virginianum
50,102.1620865,0.133269315,88.54701521,Cc,P.virginianum
51,188.5470152,0.847792416,28.69828566,Cc,P.virginianum
52,128.6982857,0.02127317,125.9604652,Cc,P.virginianum
53,225.9604652,0.310988526,155.6893531,Cc,P.virginianum
54,255.6893531,0.0948405,231.439647,Cc,P.virginianum
55,331.439647,0.991017006,2.977320253,Cc,P.virginianum
56,102.9773203,0.243566747,77.8954693,Cc,P.virginianum
57,177.8954693,0.927190539,12.95247327,Cc,P.virginianum
58,112.9524733,0.491216178,57.46839106,Cc,P.virginianum
59,157.4683911,0.72769176,42.87994049,Cc,P.virginianum
60,142.8799405,0.979635072,2.909739673,Cc,P.virginianum
61,102.9097397,0.98024855,2.032616569,Cc,P.virginianum
62,102.0326166,0.100065146,91.82270791,Cc,P.virginianum
63,191.8227079,0.009390291,190.0214368,Cc,P.virginianum
64,290.0214368,0.867131255,38.53478435,Cc,P.virginianum
65,138.5347843,0.968307506,4.390512759,Cc,P.virginianum
66,104.3905128,0.001660402,104.2171826,Cc,P.virginianum
67,204.2171826,0.749666153,51.12247289,Cc,P.virginianum
68,151.1224729,0.057994222,142.3582426,Cc,P.virginianum
69,242.3582426,0.809610526,46.14245823,Cc,P.virginianum
70,146.1424582,0.876432446,18.05846611,Cc,P.virginianum
71,118.0584661,0.976928385,2.723799425,Cc,P.virginianum
72,102.7237994,0.056010868,96.97015025,Cc,P.virginianum
73,196.9701503,0.012312226,194.5450092,Cc,P.virginianum
74,294.5450092,0.888603497,32.81128394,Cc,P.virginianum
75,132.8112839,0.722467395,36.85946158,Cc,P.virginianum
76,136.8594616,0.111543708,121.5936497,Cc,P.virginianum
77,221.5936497,0.614698282,85.38041387,Cc,P.virginianum
78,185.3804139,0.947535774,9.725840014,Cc,P.virginianum
79,109.72584,0.135639916,94.84263632,Cc,P.virginianum
80,194.8426363,0.6324188,71.62049002,Cc,P.virginianum
81,171.62049,0.099586548,154.5293978,Cc,P.virginianum
82,254.5293978,0.786704313,54.29002275,Cc,P.virginianum
83,154.2900227,0.003587933,153.7364405,Cc,P.virginianum
84,253.7364405,0.355643235,163.496792,Cc,P.virginianum
85,263.496792,0.941711498,15.35883334,Cc,P.virginianum
86,115.3588333,0.854377141,16.79888314,Cc,P.virginianum
87,116.7988831,0.000150381,116.7813188,Cc,P.virginianum
88,216.7813188,0.966310557,7.303241835,Cc,P.virginianum
89,107.3032418,0.14362167,91.8921711,Cc,P.virginianum
90,191.8921711,0.010547642,189.8681611,Cc,P.virginianum
91,289.8681611,0.153153623,245.4738019,Cc,P.virginianum
92,345.4738019,0.019386585,338.7762447,Cc,P.virginianum
93,438.7762447,0.677489654,141.5098785,Cc,P.virginianum
94,241.5098785,0.997614494,0.576123212,Cc,P.virginianum
95,100.5761232,0.699014352,30.27196966,Cc,P.virginianum
96,130.2719697,0.995433231,0.594921961,Cc,P.virginianum
97,100.594922,0.017792977,98.80503887,Cc,P.virginianum
98,198.8050389,0.094906784,179.937092,Cc,P.virginianum
99,279.937092,0.052796379,265.1574273,Cc,P.virginianum
100,365.1574273,0.079976701,335.9533408,Cc,P.virginianum
1,100,0.999991882,0.000811847,ambient,C.canadensis
2,100.0008118,0.97809608,2.190409749,ambient,C.canadensis
3,102.1904097,0.999945775,0.005541319,ambient,C.canadensis
4,100.0055413,0.903615865,9.638947578,ambient,C.canadensis
5,109.6389476,0.982172568,1.954580895,ambient,C.canadensis
6,101.9545809,0.998435217,0.159536802,ambient,C.canadensis
7,100.1595368,0.998035168,0.196796701,ambient,C.canadensis
8,100.1967967,0.97712182,2.292320312,ambient,C.canadensis
9,102.2923203,0.996717874,0.335736249,ambient,C.canadensis
10,100.3357362,0.998256262,0.174959233,ambient,C.canadensis
11,100.1749592,0.99444664,0.556307647,ambient,C.canadensis
12,100.5563076,0.992715217,0.732530844,ambient,C.canadensis
13,100.7325308,0.997651401,0.236580313,ambient,C.canadensis
14,100.2365803,0.990297466,0.97254884,ambient,C.canadensis
15,100.9725488,0.999247311,0.076000962,ambient,C.canadensis
16,100.076001,0.999775341,0.022482941,ambient,C.canadensis
17,100.0224829,0.999987382,0.00126211,ambient,C.canadensis
18,100.0012621,0.998745294,0.125472198,ambient,C.canadensis
19,100.1254722,0.734840672,26.54920296,ambient,C.canadensis
20,126.549203,0.598714617,50.78234538,ambient,C.canadensis
21,150.7823454,0.999601342,0.060110619,ambient,C.canadensis
22,100.0601106,0.995068836,0.493412826,ambient,C.canadensis
23,100.4934128,0.999989812,0.00102386,ambient,C.canadensis
24,100.0010239,0.921270719,7.873008731,ambient,C.canadensis
25,107.8730087,0.999663733,0.0362741,ambient,C.canadensis
26,100.0362741,0.994663474,0.533846135,ambient,C.canadensis
27,100.5338461,0.061318017,94.36931002,ambient,C.canadensis
28,194.36931,0.963608955,7.073302388,ambient,C.canadensis
29,107.0733024,0.276244436,77.49489834,ambient,C.canadensis
30,177.4948983,0.998829571,0.207745187,ambient,C.canadensis
31,100.2077452,0.999832353,0.016799483,ambient,C.canadensis
32,100.0167995,0.701401489,29.86486738,ambient,C.canadensis
33,129.8648674,0.971066707,3.757418322,ambient,C.canadensis
34,103.7574183,0.998093712,0.197791482,ambient,C.canadensis
35,100.1977915,0.999858028,0.014225261,ambient,C.canadensis
36,100.0142253,0.037642975,96.24939228,ambient,C.canadensis
37,196.2493923,0.999301852,0.137011167,ambient,C.canadensis
38,100.1370112,0.903681463,9.645050436,ambient,C.canadensis
39,109.6450504,0.99277844,0.791808295,ambient,C.canadensis
40,100.7918083,0.999974416,0.00257862,ambient,C.canadensis
41,100.0025786,0.997031406,0.296867087,ambient,C.canadensis
42,100.2968671,0.978162645,2.190218312,ambient,C.canadensis
43,102.1902183,0.999185949,0.083188071,ambient,C.canadensis
44,100.0831881,0.99776804,0.223381628,ambient,C.canadensis
45,100.2233816,0.961947427,3.813757518,ambient,C.canadensis
46,103.8137575,0.988357365,1.208665667,ambient,C.canadensis
47,101.2086657,0.998093611,0.192943064,ambient,C.canadensis
48,100.1929431,0.757598289,24.28694088,ambient,C.canadensis
49,124.2869409,0.955065064,5.58482573,ambient,C.canadensis
50,105.5848257,0.999855896,0.015215161,ambient,C.canadensis
51,100.0152152,0.998284931,0.17153297,ambient,C.canadensis
52,100.171533,0.999983439,0.001658933,ambient,C.canadensis
53,100.0016589,0.998610867,0.138915625,ambient,C.canadensis
54,100.1389156,0.999949894,0.005017548,ambient,C.canadensis
55,100.0050175,0.999997984,0.000201568,ambient,C.canadensis
56,100.0002016,0.999763592,0.023640882,ambient,C.canadensis
57,100.0236409,0.999014849,0.09853844,ambient,C.canadensis
58,100.0985384,0.99999943,5.71E-05,ambient,C.canadensis
59,100.0000571,0.988506107,1.14938998,ambient,C.canadensis
60,101.14939,0.994625872,0.543589752,ambient,C.canadensis
61,100.5435898,0.978212306,2.190612949,ambient,C.canadensis
62,102.1906129,0.9972987,0.276047484,ambient,C.canadensis
63,100.2760475,0.978030293,2.203035402,ambient,C.canadensis
64,102.2030354,0.935748282,6.566720592,ambient,C.canadensis
65,106.5667206,0.999295987,0.075024347,ambient,C.canadensis
66,100.0750243,0.998408061,0.159313304,ambient,C.canadensis
67,100.1593133,0.678154364,32.23583788,ambient,C.canadensis
68,132.2358379,0.190168833,107.0887029,ambient,C.canadensis
69,207.0887029,0.99864589,0.28042087,ambient,C.canadensis
70,100.2804209,0.98889087,1.114028182,ambient,C.canadensis
71,101.1140282,0.955938761,4.455209354,ambient,C.canadensis
72,104.4552094,0.99986837,0.013749428,ambient,C.canadensis
73,100.0137494,0.992438609,0.756243019,ambient,C.canadensis
74,100.756243,0.999926249,0.007430878,ambient,C.canadensis
75,100.0074309,0.929800124,7.020509281,ambient,C.canadensis
76,107.0205093,0.999981042,0.002028877,ambient,C.canadensis
77,100.0020289,0.999933319,0.006668237,ambient,C.canadensis
78,100.0066682,0.957124425,4.287843367,ambient,C.canadensis
79,104.2878434,0.959301775,4.244330114,ambient,C.canadensis
80,104.2443301,0.998068511,0.201346756,ambient,C.canadensis
81,100.2013468,0.991492317,0.852481282,ambient,C.canadensis
82,100.8524813,0.992873653,0.718709737,ambient,C.canadensis
83,100.7187097,0.999597793,0.040509751,ambient,C.canadensis
84,100.0405098,0.999500856,0.0499346,ambient,C.canadensis
85,100.0499346,0.999078777,0.09216828,ambient,C.canadensis
86,100.0921683,0.998118002,0.188373288,ambient,C.canadensis
87,100.1883733,0.994501712,0.550864556,ambient,C.canadensis
88,100.5508646,0.998025191,0.19856876,ambient,C.canadensis
89,100.1985688,0.998008033,0.199592264,ambient,C.canadensis
90,100.1995923,0.99921279,0.078878106,ambient,C.canadensis
91,100.0788781,0.238037295,76.25637266,ambient,C.canadensis
92,176.2563727,0.396551272,106.3616839,ambient,C.canadensis
93,206.3616839,0.96918938,6.358131345,ambient,C.canadensis
94,106.3581313,0.962168521,4.023685377,ambient,C.canadensis
95,104.0236854,0.999983517,0.001714579,ambient,C.canadensis
96,100.0017146,0.997718861,0.228117831,ambient,C.canadensis
97,100.2281178,0.999926451,0.007371641,ambient,C.canadensis
98,100.0073716,0.930340746,6.966438952,ambient,C.canadensis
99,106.966439,0.99558473,0.472285669,ambient,C.canadensis
100,100.4722857,0.999871094,0.012951498,ambient,C.canadensis
1,100,0.726477649,27.35223509,Cc,C.canadensis
2,127.3522351,0.199892901,101.8954274,Cc,C.canadensis
3,201.8954274,0.687683154,63.05534303,Cc,C.canadensis
4,163.055343,0.198544962,130.6815261,Cc,C.canadensis
5,230.6815261,0.352287066,149.4154081,Cc,C.canadensis
6,249.4154081,0.265394178,183.2220109,Cc,C.canadensis
7,283.2220109,0.198293147,227.0610272,Cc,C.canadensis
8,327.0610272,0.927615654,23.67409858,Cc,C.canadensis
9,123.6740986,0.374219932,77.39278579,Cc,C.canadensis
10,177.3927858,0.486168541,91.14999388,Cc,C.canadensis
11,191.1499939,0.277686719,138.0701792,Cc,C.canadensis
12,238.0701792,0.787228911,50.65445133,Cc,C.canadensis
13,150.6544513,0.494510064,76.15430892,Cc,C.canadensis
14,176.1543089,0.170227048,146.1680809,Cc,C.canadensis
15,246.1680809,0.355236871,158.7201021,Cc,C.canadensis
16,258.7201021,0.177086879,212.9041668,Cc,C.canadensis
17,312.9041668,0.412255739,183.9076284,Cc,C.canadensis
18,283.9076284,0.176351331,233.8401402,Cc,C.canadensis
19,333.8401402,0.421425715,193.1513205,Cc,C.canadensis
20,293.1513205,0.219913556,228.6833713,Cc,C.canadensis
21,328.6833713,0.419141581,190.9185034,Cc,C.canadensis
22,290.9185034,0.106914896,259.814982,Cc,C.canadensis
23,359.814982,0.188886142,291.8509181,Cc,C.canadensis
24,391.8509181,0.058577689,368.8971971,Cc,C.canadensis
25,468.8971971,0.131547425,407.2149782,Cc,C.canadensis
26,507.2149782,0.199274777,406.1398267,Cc,C.canadensis
27,506.1398267,0.518659337,243.6256797,Cc,C.canadensis
28,343.6256797,0.585530527,142.4223543,Cc,C.canadensis
29,242.4223543,0.116174433,214.2590746,Cc,C.canadensis
30,314.2590746,0.78023517,69.06309226,Cc,C.canadensis
31,169.0630923,0.719004574,47.50595568,Cc,C.canadensis
32,147.5059557,0.484868066,75.98502825,Cc,C.canadensis
33,175.9850283,0.166662256,146.6549665,Cc,C.canadensis
34,246.6549665,0.681453988,78.57095597,Cc,C.canadensis
35,178.570956,0.121038467,156.9570012,Cc,C.canadensis
36,256.9570012,0.316125389,175.7263692,Cc,C.canadensis
37,275.7263692,0.223072436,214.2194162,Cc,C.canadensis
38,314.2194162,0.402705392,187.6815631,Cc,C.canadensis
39,287.6815631,0.681829399,91.53181594,Cc,C.canadensis
40,191.5318159,0.061126874,179.8240748,Cc,C.canadensis
41,279.8240748,0.263001082,206.2300402,Cc,C.canadensis
42,306.2300402,0.951101474,14.97419746,Cc,C.canadensis
43,114.9741975,0.384905789,70.71996323,Cc,C.canadensis
44,170.7199632,0.552515338,76.394565,Cc,C.canadensis
45,176.394565,0.140410793,151.6268643,Cc,C.canadensis
46,251.6268643,0.250149355,188.6825665,Cc,C.canadensis
47,288.6825665,0.380291677,178.8989892,Cc,C.canadensis
48,278.8989892,0.790537489,58.4188826,Cc,C.canadensis
49,158.4188826,0.743999091,40.55537788,Cc,C.canadensis
50,140.5553779,0.227120618,108.6323535,Cc,C.canadensis
51,208.6323535,0.551130459,93.64870879,Cc,C.canadensis
52,193.6487088,0.117845016,170.8281735,Cc,C.canadensis
53,270.8281735,0.310973578,186.6077673,Cc,C.canadensis
54,286.6077673,0.201276114,228.9204697,Cc,C.canadensis
55,328.9204697,0.805476015,63.98292066,Cc,C.canadensis
56,163.9829207,0.282970436,117.5806021,Cc,C.canadensis
57,217.5806021,0.631658889,80.14388072,Cc,C.canadensis
58,180.1438807,0.378939039,111.8803318,Cc,C.canadensis
59,211.8803318,0.47771171,110.6626162,Cc,C.canadensis
60,210.6626162,0.746620529,53.37758235,Cc,C.canadensis
61,153.3775824,0.74902791,38.49349241,Cc,C.canadensis
62,138.4934924,0.205135647,110.0835402,Cc,C.canadensis
63,210.0835402,0.087035518,191.7988105,Cc,C.canadensis
64,291.7988105,0.566860941,126.3894621,Cc,C.canadensis
65,226.3894621,0.70998034,65.6573948,Cc,C.canadensis
66,165.6573948,0.044630775,158.2639769,Cc,C.canadensis
67,258.2639769,0.489076214,131.9532088,Cc,C.canadensis
68,231.9532088,0.169081663,192.7341746,Cc,C.canadensis
69,292.7341746,0.524171715,139.2912002,Cc,C.canadensis
70,239.2912002,0.575083778,101.6787127,Cc,C.canadensis
71,201.6787127,0.73662963,53.11619719,Cc,C.canadensis
72,153.1161972,0.167003171,127.5453068,Cc,C.canadensis
73,227.5453068,0.09631592,205.6290711,Cc,C.canadensis
74,305.6290711,0.586628516,126.3383426,Cc,C.canadensis
75,226.3383426,0.475101167,118.8047318,Cc,C.canadensis
76,218.8047318,0.213188228,172.1581387,Cc,C.canadensis
77,272.1581387,0.426850992,155.9871672,Cc,C.canadensis
78,255.9871672,0.664007235,86.00983614,Cc,C.canadensis
79,186.0098361,0.228554376,143.4964742,Cc,C.canadensis
80,243.4964742,0.434211072,137.7676091,Cc,C.canadensis
81,237.7676091,0.204787511,189.0757722,Cc,C.canadensis
82,289.0757722,0.509921797,141.6697349,Cc,C.canadensis
83,241.6697349,0.060307294,227.0952871,Cc,C.canadensis
84,327.0952871,0.32833077,219.6998395,Cc,C.canadensis
85,319.6998395,0.653830663,110.6702814,Cc,C.canadensis
86,210.6702814,0.556299617,93.47448456,Cc,C.canadensis
87,193.4744846,0.016911789,190.2024849,Cc,C.canadensis
88,290.2024849,0.704647481,85.71203498,Cc,C.canadensis
89,185.712035,0.233274329,142.3901846,Cc,C.canadensis
90,242.3901846,0.090912124,220.3539781,Cc,C.canadensis
91,320.3539781,0.238711765,243.8817146,Cc,C.canadensis
92,343.8817146,0.113905941,304.7115443,Cc,C.canadensis
93,404.7115443,0.453827755,221.0422128,Cc,C.canadensis
94,321.0422128,0.877646003,39.28079787,Cc,C.canadensis
95,139.2807979,0.463759498,74.68800491,Cc,C.canadensis
96,174.6880049,0.845683804,26.95718845,Cc,C.canadensis
97,126.9571885,0.11037418,112.9443929,Cc,C.canadensis
98,212.9443929,0.201325917,170.0731677,Cc,C.canadensis
99,270.0731677,0.163528142,225.9086045,Cc,C.canadensis
100,325.9086045,0.189489081,264.1524824,Cc,C.canadensis
1,100,0.987050221,1.294977863,ambient,E.divaricata
2,101.2949779,0.802698703,19.98563054,ambient,E.divaricata
3,119.9856305,0.974025529,3.116563319,ambient,E.divaricata
4,103.1165633,0.697019249,31.24233377,ambient,E.divaricata
5,131.2423338,0.814604496,24.3317386,ambient,E.divaricata
6,124.3317386,0.91529241,10.53184196,ambient,E.divaricata
7,110.531842,0.908551466,10.10797489,ambient,E.divaricata
8,110.1079749,0.800104119,22.01013066,ambient,E.divaricata
9,122.0101307,0.891565405,13.23011908,ambient,E.divaricata
10,113.2301191,0.912144216,9.947920934,ambient,E.divaricata
11,109.9479209,0.871323189,14.14774779,ambient,E.divaricata
12,114.1477478,0.85965223,16.02038181,ambient,E.divaricata
13,116.0203818,0.902935582,11.26145086,ambient,E.divaricata
14,111.2614509,0.846357615,17.09447472,ambient,E.divaricata
15,117.0944747,0.934014643,7.72652073,ambient,E.divaricata
16,107.7265207,0.956766503,4.657394263,ambient,E.divaricata
17,104.6573943,0.984758056,1.5951821,ambient,E.divaricata
18,101.5951821,0.921398242,7.985559965,ambient,E.divaricata
19,107.98556,0.596555314,43.56620037,ambient,E.divaricata
20,143.5662004,0.541802143,65.78172529,ambient,E.divaricata
21,165.7817253,0.947090273,8.771465863,ambient,E.divaricata
22,108.7714659,0.876163875,13.46983682,ambient,E.divaricata
23,113.4698368,0.985915178,1.598202475,ambient,E.divaricata
24,101.5982025,0.713792636,29.07815371,ambient,E.divaricata
25,129.0781537,0.950156024,6.433768346,ambient,E.divaricata
26,106.4337683,0.872963606,13.52096216,ambient,E.divaricata
27,113.5209622,0.27574112,82.21856492,ambient,E.divaricata
28,182.2185649,0.770652926,41.79129473,ambient,E.divaricata
29,141.7912947,0.419526824,82.30604324,ambient,E.divaricata
30,182.3060432,0.923235939,13.9945522,ambient,E.divaricata
31,113.9945522,0.961035045,4.44179263,ambient,E.divaricata
32,104.4417926,0.582099263,43.64630208,ambient,E.divaricata
33,143.6463021,0.785618134,30.79516225,ambient,E.divaricata
34,130.7951623,0.909474151,11.84034316,ambient,E.divaricata
35,111.8403432,0.963277472,4.107060131,ambient,E.divaricata
36,104.1070601,0.2400904,79.11195443,ambient,E.divaricata
37,179.1119544,0.935705578,11.51589959,ambient,E.divaricata
38,111.5158996,0.697077157,33.78071332,ambient,E.divaricata
39,133.7807133,0.860040722,18.72385209,ambient,E.divaricata
40,118.7238521,0.980240679,2.345902672,ambient,E.divaricata
41,102.3459027,0.895094504,10.73664766,ambient,E.divaricata
42,110.7366477,0.802879125,21.8285049,ambient,E.divaricata
43,121.8285049,0.93220925,8.258845684,ambient,E.divaricata
44,108.2588457,0.904569682,10.33117604,ambient,E.divaricata
45,110.331176,0.767642437,25.63628316,ambient,E.divaricata
46,125.6362832,0.837360555,20.43341531,ambient,E.divaricata
47,120.4334153,0.909472539,10.90253125,ambient,E.divaricata
48,110.9025313,0.606971781,43.58782429,ambient,E.divaricata
49,143.5878243,0.756145332,35.01456123,ambient,E.divaricata
50,135.0145612,0.963081538,4.984530009,ambient,E.divaricata
51,104.98453,0.912632949,9.172188818,ambient,E.divaricata
52,109.1721888,0.983153385,1.839181807,ambient,E.divaricata
53,101.8391818,0.918635857,8.286057707,ambient,E.divaricata
54,108.2860577,0.974758923,2.733256743,ambient,E.divaricata
55,102.7332567,0.992298417,0.791208737,ambient,E.divaricata
56,100.7912087,0.955979224,4.436907201,ambient,E.divaricata
57,104.4369072,0.9276225,7.55888227,ambient,E.divaricata
58,107.5588823,0.995220573,0.514069794,ambient,E.divaricata
59,100.5140698,0.838009338,16.2823407,ambient,E.divaricata
60,116.2823407,0.872675731,14.80556406,ambient,E.divaricata
61,114.8055641,0.803014002,22.61508866,ambient,E.divaricata
62,122.6150887,0.898317906,12.46775892,ambient,E.divaricata
63,112.4677589,0.802520792,22.21004396,ambient,E.divaricata
64,122.210044,0.729808105,33.02016335,ambient,E.divaricata
65,133.0201633,0.935519533,8.577202198,ambient,E.divaricata
66,108.5772022,0.91479911,9.250874267,ambient,E.divaricata
67,109.2508743,0.572523871,46.70214077,ambient,E.divaricata
68,146.7021408,0.377359968,91.34262564,ambient,E.divaricata
69,191.3426256,0.919337104,15.43425041,ambient,E.divaricata
70,115.4342504,0.839716899,18.50215956,ambient,E.divaricata
71,118.5021596,0.757527147,28.73355673,ambient,E.divaricata
72,128.7335567,0.964256579,4.601377693,ambient,E.divaricata
73,104.6013777,0.857980859,14.85539779,ambient,E.divaricata
74,114.8553978,0.970970834,3.33415646,ambient,E.divaricata
75,103.3341565,0.722928205,28.63098025,ambient,E.divaricata
76,128.6309802,0.982295825,2.277305368,ambient,E.divaricata
77,102.2773054,0.972007941,2.862952398,ambient,E.divaricata
78,102.8629524,0.759436108,24.74511212,ambient,E.divaricata
79,124.7451121,0.763048961,29.55848393,ambient,E.divaricata
80,129.5584839,0.90907458,11.7801596,ambient,E.divaricata
81,111.7801596,0.852580534,16.47857149,ambient,E.divaricata
82,116.4785715,0.860630489,16.2335615,ambient,E.divaricata
83,116.2335615,0.946925897,6.168992072,ambient,E.divaricata
84,106.1689921,0.942769933,6.076058526,ambient,E.divaricata
85,106.0760585,0.929267221,7.503054384,ambient,E.divaricata
86,107.5030544,0.90986277,9.69002758,ambient,E.divaricata
87,109.6900276,0.871735384,14.06934924,ambient,E.divaricata
88,114.0693492,0.908396152,10.44919127,ambient,E.divaricata
89,110.4491913,0.908130318,10.14693206,ambient,E.divaricata
90,110.1469321,0.932987142,7.381260707,ambient,E.divaricata
91,107.3812607,0.401968724,64.21735241,ambient,E.divaricata
92,164.2173524,0.467980021,87.36691241,ambient,E.divaricata
93,187.3669124,0.78159757,40.92138898,ambient,E.divaricata
94,140.921389,0.768037193,32.68852091,ambient,E.divaricata
95,132.6885209,0.983182724,2.231459426,ambient,E.divaricata
96,102.2314594,0.903873544,9.827147915,ambient,E.divaricata
97,109.8271479,0.970999601,3.185031131,ambient,E.divaricata
98,103.1850311,0.723534892,28.52706073,ambient,E.divaricata
99,128.5270607,0.88052289,15.35604172,ambient,E.divaricata
100,115.3560417,0.964522832,4.09250563,ambient,E.divaricata
1,100,0.845193441,15.48065589,Cc,E.divaricata
2,115.4806559,0.524181285,54.94785728,Cc,E.divaricata
3,154.9478573,0.827979438,26.65421752,Cc,E.divaricata
4,126.6542175,0.522741528,60.44679834,Cc,E.divaricata
5,160.4467983,0.65179114,55.86899669,Cc,E.divaricata
6,155.8689967,0.58625648,64.48978733,Cc,E.divaricata
7,164.4897873,0.522471697,78.54852896,Cc,E.divaricata
8,178.548529,0.939952752,10.7213478,Cc,E.divaricata
9,110.7213478,0.666261424,36.95198496,Cc,E.divaricata
10,136.951985,0.731469761,36.77574922,Cc,E.divaricata
11,136.7757492,0.596491338,55.19019956,Cc,E.divaricata
12,155.1901996,0.87212633,19.84474042,Cc,E.divaricata
13,119.8447404,0.735877954,31.65363806,Cc,E.divaricata
14,131.6536381,0.490539113,67.07237921,Cc,E.divaricata
15,167.0723792,0.653777716,57.8441807,Cc,E.divaricata
16,157.8441807,0.498706686,79.12623249,Cc,E.divaricata
17,179.1262325,0.68986907,55.55258498,Cc,E.divaricata
18,155.552585,0.497842915,78.11183269,Cc,E.divaricata
19,178.1118327,0.695311584,54.26861209,Cc,E.divaricata
20,154.2686121,0.544702943,70.23804502,Cc,E.divaricata
21,170.238045,0.693964263,52.09892554,Cc,E.divaricata
22,152.0989255,0.399875806,91.27824513,Cc,E.divaricata
23,191.2782451,0.512190977,93.30725379,Cc,E.divaricata
24,193.3072538,0.298984878,135.511308,Cc,E.divaricata
25,235.511308,0.439007641,132.1200442,Cc,E.divaricata
26,232.1200442,0.523522018,110.6000902,Cc,E.divaricata
27,210.6000902,0.748368875,52.99353769,Cc,E.divaricata
28,152.9935377,0.781196026,33.47559407,Cc,E.divaricata
29,133.4755941,0.415295707,78.04375284,Cc,E.divaricata
30,178.0437528,0.869007348,23.32242334,Cc,E.divaricata
31,123.3224233,0.841886839,19.49889823,Cc,E.divaricata
32,119.4988982,0.730777911,32.17174304,Cc,E.divaricata
33,132.171743,0.486192629,67.91081578,Cc,E.divaricata
34,167.9108158,0.825199165,29.35095074,Cc,E.divaricata
35,129.3509507,0.42303759,74.63063623,Cc,E.divaricata
36,174.6306362,0.626296568,65.260068,Cc,E.divaricata
37,165.260068,0.54780273,74.7301516,Cc,E.divaricata
38,174.7301516,0.684103146,55.19670513,Cc,E.divaricata
39,155.1967051,0.825366896,27.10248236,Cc,E.divaricata
40,127.1024824,0.305484649,88.27462512,Cc,E.divaricata
41,188.2746251,0.584219555,78.28090747,Cc,E.divaricata
42,178.2809075,0.95384294,8.228922553,Cc,E.divaricata
43,108.2289226,0.673073107,35.38294542,Cc,E.divaricata
44,135.3829454,0.765277755,31.77738886,Cc,E.divaricata
45,131.7773889,0.45174886,72.24710362,Cc,E.divaricata
46,172.2471036,0.573016888,73.5466043,Cc,E.divaricata
47,173.5466043,0.670150037,57.24434101,Cc,E.divaricata
48,157.244341,0.873604976,19.87490227,Cc,E.divaricata
49,119.8749023,0.852940987,17.62868485,Cc,E.divaricata
50,117.6286849,0.551724008,52.73011543,Cc,E.divaricata
51,152.7301154,0.764598506,35.95289729,Cc,E.divaricata
52,135.9528973,0.417981178,79.12714507,Cc,E.divaricata
53,179.1271451,0.62247726,67.62457055,Cc,E.divaricata
54,167.6245705,0.525650702,79.51259734,Cc,E.divaricata
55,179.5125973,0.880311529,21.48558835,Cc,E.divaricata
56,121.4855883,0.600778336,48.49967874,Cc,E.divaricata
57,148.4996787,0.802692109,29.30015841,Cc,E.divaricata
58,129.3001584,0.669287937,42.76112215,Cc,E.divaricata
59,142.7611222,0.726947898,38.98122448,Cc,E.divaricata
60,138.9812245,0.854100278,20.27732199,Cc,E.divaricata
61,120.277322,0.855165094,17.42035465,Cc,E.divaricata
62,117.4203547,0.529708618,55.22178088,Cc,E.divaricata
63,155.2217809,0.363209335,98.84378106,Cc,E.divaricata
64,198.8437811,0.77225724,45.28523156,Cc,E.divaricata
65,145.2852316,0.837889552,23.55225398,Cc,E.divaricata
66,123.552254,0.259835523,91.44898948,Cc,E.divaricata
67,191.4489895,0.73301211,51.1145618,Cc,E.divaricata
68,151.1145618,0.489150378,77.19681684,Cc,E.divaricata
69,177.1968168,0.751167307,44.09236119,Cc,E.divaricata
70,144.0923612,0.776213433,32.2459348,Cc,E.divaricata
71,132.2459348,0.849682578,19.87886795,Cc,E.divaricata
72,119.8788679,0.48661142,61.54444183,Cc,E.divaricata
73,161.5444418,0.380992891,99.99715787,Cc,E.divaricata
74,199.9971579,0.781716999,43.65597971,Cc,E.divaricata
75,143.6559797,0.725540948,39.42768396,Cc,E.divaricata
76,139.427684,0.537982496,64.41803048,Cc,E.divaricata
77,164.4180305,0.698490111,49.57366207,Cc,E.divaricata
78,149.5736621,0.817376312,27.31569384,Cc,E.divaricata
79,127.3156938,0.553099337,56.89746796,Cc,E.divaricata
80,156.897468,0.702754777,46.6370228,Cc,E.divaricata
81,146.6370228,0.529345099,69.01543344,Cc,E.divaricata
82,169.0154334,0.743894074,43.28585406,Cc,E.divaricata
83,143.2858541,0.303414213,99.81088942,Cc,E.divaricata
84,199.8108894,0.635149961,72.90101088,Cc,E.divaricata
85,172.9010109,0.812784676,32.3697188,Cc,E.divaricata
86,132.3697188,0.767128833,30.82509084,Cc,E.divaricata
87,130.8250908,0.151754461,110.9717997,Cc,E.divaricata
88,210.9717997,0.835524302,34.69973411,Cc,E.divaricata
89,134.6997341,0.557578405,59.59407114,Cc,E.divaricata
90,159.5940711,0.370792045,100.4178592,Cc,E.divaricata
91,200.4178592,0.562648687,87.65301389,Cc,E.divaricata
92,187.6530139,0.411603338,110.414407,Cc,E.divaricata
93,210.414407,0.713869204,60.20604173,Cc,E.divaricata
94,160.2060417,0.913983704,13.78033026,Cc,E.divaricata
95,113.7803303,0.719365182,31.93072232,Cc,E.divaricata
96,131.9307223,0.898726999,13.36102017,Cc,E.divaricata
97,113.3610202,0.405746295,67.36520628,Cc,E.divaricata
98,167.3652063,0.525703459,79.38073846,Cc,E.divaricata
99,179.3807385,0.482310994,92.86343615,Cc,E.divaricata
100,192.8634362,0.512861957,93.95111694,Cc,E.divaricata